prediction_made_at,target_timestamp,horizon,lead_time_days,predicted_aqi,model_used,model_version,actual_aqi,model_r2,model_mae,model_rmse
2026-09-02 12:39:38.052430,2026-09-03 17:00:00,aqi_t+24h,1,71.37578582763672,nn,7,,,,
2026-09-02 12:39:38.052430,2026-09-04 17:00:00,aqi_t+48h,2,74.87188720703125,nn,7,,,,
2026-09-02 12:39:38.052430,2026-09-05 17:00:00,aqi_t+72h,3,75.39492695749263,rf,7,,,,
2026-09-02 14:12:39.012875,2026-09-03 19:00:00,aqi_t+24h,1,69.89781951904297,nn,7,,,,
2026-09-02 14:12:39.012875,2026-09-04 19:00:00,aqi_t+48h,2,73.464599609375,nn,7,,,,
2026-09-02 14:12:39.012875,2026-09-05 19:00:00,aqi_t+72h,3,75.14193058243046,rf,7,,,,
2026-09-02 15:11:37.292661,2026-09-03 20:00:00,aqi_t+24h,1,68.29851531982422,nn,7,,,,
2026-09-02 15:11:37.292661,2026-09-04 20:00:00,aqi_t+48h,2,72.74598693847656,nn,7,,,,
2026-09-02 15:11:37.292661,2026-09-05 20:00:00,aqi_t+72h,3,74.92810015292982,rf,7,,,,
2026-09-02 16:15:31.424230,2026-09-03 21:00:00,aqi_t+24h,1,66.0596694946289,nn,7,,,,
2026-09-02 16:15:31.424230,2026-09-04 21:00:00,aqi_t+48h,2,71.25224304199219,nn,7,,,,
2026-09-02 16:15:31.424230,2026-09-05 21:00:00,aqi_t+72h,3,74.57402694828117,rf,7,,,,
2026-09-02 17:18:13.951467,2026-09-03 22:00:00,aqi_t+24h,1,65.4379653930664,nn,7,,,,
2026-09-02 17:18:13.951467,2026-09-04 22:00:00,aqi_t+48h,2,71.00276184082031,nn,7,,,,
2026-09-02 17:18:13.951467,2026-09-05 22:00:00,aqi_t+72h,3,74.1604838846515,rf,7,,,,
2026-09-02 18:13:59.807381,2026-09-03 23:00:00,aqi_t+24h,1,64.59139251708984,nn,7,,,,
2026-09-02 18:13:59.807381,2026-09-04 23:00:00,aqi_t+48h,2,70.56272888183594,nn,7,,,,
2026-09-02 18:13:59.807381,2026-09-05 23:00:00,aqi_t+72h,3,74.11102705165838,rf,7,,,,
2026-09-02 19:09:58.685518,2026-09-04 00:00:00,aqi_t+24h,1,66.12608674687453,ridge,8,,,,
2026-09-02 19:09:58.685518,2026-09-05 00:00:00,aqi_t+48h,2,65.80532836914062,nn,8,,,,
2026-09-02 19:09:58.685518,2026-09-06 00:00:00,aqi_t+72h,3,73.69689956023475,rf,8,,,,
2026-09-02 21:18:09.076887,2026-09-04 02:00:00,aqi_t+24h,1,64.98861292898094,ridge,8,,,,
2026-09-02 21:18:09.076887,2026-09-05 02:00:00,aqi_t+48h,2,69.78993225097656,nn,8,,,,
2026-09-02 21:18:09.076887,2026-09-06 02:00:00,aqi_t+72h,3,72.24914670645411,rf,8,64.0,,,
2026-09-02 22:15:20.822538,2026-09-04 03:00:00,aqi_t+24h,1,64.65251353985352,ridge,8,,,,
2026-09-02 22:15:20.822538,2026-09-05 03:00:00,aqi_t+48h,2,69.38014221191406,nn,8,,,,
2026-09-02 22:15:20.822538,2026-09-06 03:00:00,aqi_t+72h,3,71.86407774388844,rf,8,64.0,,,
2026-09-03 00:15:46.354026,2026-09-04 05:00:00,aqi_t+24h,1,67.01044164066681,ridge,8,,,,
2026-09-03 00:15:46.354026,2026-09-05 05:00:00,aqi_t+48h,2,68.20974731445312,nn,8,,,,
2026-09-03 00:15:46.354026,2026-09-06 05:00:00,aqi_t+72h,3,73.15776840567443,rf,8,69.0,,,
2026-09-03 01:12:27.955008,2026-09-04 06:00:00,aqi_t+24h,1,66.77060963826113,ridge,8,,,,
2026-09-03 01:12:27.955008,2026-09-05 06:00:00,aqi_t+48h,2,65.3375244140625,nn,8,,,,
2026-09-03 01:12:27.955008,2026-09-06 06:00:00,aqi_t+72h,3,73.43010052426347,rf,8,69.0,,,
2026-09-03 02:12:53.799950,2026-09-04 07:00:00,aqi_t+24h,1,66.28401921095102,ridge,8,,,,
2026-09-03 02:12:53.799950,2026-09-05 07:00:00,aqi_t+48h,2,63.68633270263672,nn,8,,,,
2026-09-03 02:12:53.799950,2026-09-06 07:00:00,aqi_t+72h,3,74.07017301527668,rf,8,69.0,,,
2026-09-03 03:13:32.017431,2026-09-04 08:00:00,aqi_t+24h,1,65.59470368997479,ridge,8,,,,
2026-09-03 03:13:32.017431,2026-09-05 08:00:00,aqi_t+48h,2,64.78123474121094,nn,8,,,,
2026-09-03 03:13:32.017431,2026-09-06 08:00:00,aqi_t+72h,3,74.72684030613229,rf,8,68.0,,,
2026-09-03 04:12:48.408458,2026-09-04 09:00:00,aqi_t+24h,1,66.30587733458921,ridge,8,,,,
2026-09-03 04:12:48.408458,2026-09-05 09:00:00,aqi_t+48h,2,67.24623107910156,nn,8,,,,
2026-09-03 04:12:48.408458,2026-09-06 09:00:00,aqi_t+72h,3,74.66915834095026,rf,8,68.0,,,
2026-09-03 05:11:20.784444,2026-09-04 10:00:00,aqi_t+24h,1,66.8691637264154,ridge,8,,,,
2026-09-03 05:11:20.784444,2026-09-05 10:00:00,aqi_t+48h,2,68.86738586425781,nn,8,,,,
2026-09-03 05:11:20.784444,2026-09-06 10:00:00,aqi_t+72h,3,73.85442050206429,rf,8,68.0,,,
2026-09-03 06:11:00.771780,2026-09-04 11:00:00,aqi_t+24h,1,67.26928315522443,ridge,8,,,,
2026-09-03 06:11:00.771780,2026-09-05 11:00:00,aqi_t+48h,2,68.50743103027344,nn,8,,,,
2026-09-03 06:11:00.771780,2026-09-06 11:00:00,aqi_t+72h,3,73.24160391150949,rf,8,68.0,,,
2026-09-03 07:22:55.253773,2026-09-04 12:00:00,aqi_t+24h,1,67.7912349855394,ridge,8,,,,
2026-09-03 07:22:55.253773,2026-09-05 12:00:00,aqi_t+48h,2,72.40443420410156,nn,8,,,,
2026-09-03 07:22:55.253773,2026-09-06 12:00:00,aqi_t+72h,3,71.66132499455078,rf,8,68.0,,,
2026-09-03 08:17:17.227170,2026-09-04 13:00:00,aqi_t+24h,1,69.67750447019966,ridge,8,,,,
2026-09-03 08:17:17.227170,2026-09-05 13:00:00,aqi_t+48h,2,73.64289855957031,nn,8,,,,
2026-09-03 08:17:17.227170,2026-09-06 13:00:00,aqi_t+72h,3,70.54439348030687,rf,8,68.0,,,
2026-09-03 09:11:27.654016,2026-09-04 14:00:00,aqi_t+24h,1,70.59476457863933,ridge,8,,,,
2026-09-03 09:11:27.654016,2026-09-05 14:00:00,aqi_t+48h,2,72.66490173339844,nn,8,,,,
2026-09-03 09:11:27.654016,2026-09-06 14:00:00,aqi_t+72h,3,70.68734338060048,rf,8,68.0,,,
2026-09-03 10:14:38.116611,2026-09-04 15:00:00,aqi_t+24h,1,70.11405915986975,ridge,8,,,,
2026-09-03 10:14:38.116611,2026-09-05 15:00:00,aqi_t+48h,2,72.99456787109375,nn,8,,,,
2026-09-03 10:14:38.116611,2026-09-06 15:00:00,aqi_t+72h,3,70.55062494433881,rf,8,68.0,,,
2026-09-03 11:11:29.599734,2026-09-04 16:00:00,aqi_t+24h,1,69.64189922642902,ridge,8,,,,
2026-09-03 11:11:29.599734,2026-09-05 16:00:00,aqi_t+48h,2,71.33271789550781,nn,8,,,,
2026-09-03 11:11:29.599734,2026-09-06 16:00:00,aqi_t+72h,3,70.6060152439993,rf,8,69.0,,,
2026-09-03 12:17:33.393232,2026-09-04 17:00:00,aqi_t+24h,1,69.37176191107805,ridge,8,,,,
2026-09-03 12:17:33.393232,2026-09-05 17:00:00,aqi_t+48h,2,72.63699340820312,nn,8,,,,
2026-09-03 12:17:33.393232,2026-09-06 17:00:00,aqi_t+72h,3,69.85430132437853,rf,8,69.0,,,
2026-09-03 13:15:32.339874,2026-09-04 18:00:00,aqi_t+24h,1,69.94018627311945,ridge,8,,,,
2026-09-03 13:15:32.339874,2026-09-05 18:00:00,aqi_t+48h,2,76.7569580078125,nn,8,,,,
2026-09-03 13:15:32.339874,2026-09-06 18:00:00,aqi_t+72h,3,71.71148247022525,rf,8,68.0,,,
2026-09-03 14:49:46.010953,2026-09-04 19:00:00,aqi_t+24h,1,70.3841905670014,ridge,8,,,,
2026-09-03 14:49:46.010953,2026-09-05 19:00:00,aqi_t+48h,2,76.18710327148438,nn,8,,,,
2026-09-03 14:49:46.010953,2026-09-06 19:00:00,aqi_t+72h,3,74.13393877042989,rf,8,67.0,,,
2026-09-03 16:15:23.322859,2026-09-04 21:00:00,aqi_t+24h,1,70.94275740707283,ridge,8,,,,
2026-09-03 16:15:23.322859,2026-09-05 21:00:00,aqi_t+48h,2,75.85905456542969,nn,8,,,,
2026-09-03 16:15:23.322859,2026-09-06 21:00:00,aqi_t+72h,3,74.50924945368942,rf,8,65.0,,,
2026-09-03 17:12:18.297384,2026-09-04 22:00:00,aqi_t+24h,1,70.09334155435056,ridge,8,,,,
2026-09-03 17:12:18.297384,2026-09-05 22:00:00,aqi_t+48h,2,70.74754333496094,nn,8,,,,
2026-09-03 17:12:18.297384,2026-09-06 22:00:00,aqi_t+72h,3,74.49168230058316,rf,8,65.0,,,
2026-09-03 19:12:48.325682,2026-09-05 00:00:00,aqi_t+24h,1,70.29445921661963,ridge,9,,,,
2026-09-03 19:12:48.325682,2026-09-06 00:00:00,aqi_t+48h,2,75.69620179583904,ridge,9,,,,
2026-09-03 19:12:48.325682,2026-09-07 00:00:00,aqi_t+72h,3,74.1198488718844,rf,9,64.0,,,
2026-09-03 20:13:23.812376,2026-09-05 01:00:00,aqi_t+24h,1,70.10079991255331,ridge,9,,,,
2026-09-03 20:13:23.812376,2026-09-06 01:00:00,aqi_t+48h,2,75.37951251392803,ridge,9,65.0,,,
2026-09-03 20:13:23.812376,2026-09-07 01:00:00,aqi_t+72h,3,72.1561279988108,rf,9,64.0,,,
2026-09-03 21:10:21.864606,2026-09-05 02:00:00,aqi_t+24h,1,69.60651270761741,ridge,9,,,,
2026-09-03 21:10:21.864606,2026-09-06 02:00:00,aqi_t+48h,2,74.9717624747185,ridge,9,64.0,,,
2026-09-03 21:10:21.864606,2026-09-07 02:00:00,aqi_t+72h,3,72.17040949381371,rf,9,64.0,,,
2026-09-03 22:09:17.401872,2026-09-05 03:00:00,aqi_t+24h,1,68.79889100632391,ridge,9,,,,
2026-09-03 22:09:17.401872,2026-09-06 03:00:00,aqi_t+48h,2,74.39943906234537,ridge,9,64.0,,,
2026-09-03 22:09:17.401872,2026-09-07 03:00:00,aqi_t+72h,3,72.40939089723882,rf,9,64.0,,,
2026-09-03 23:10:40.990986,2026-09-05 04:00:00,aqi_t+24h,1,69.95084442716393,ridge,9,,,,
2026-09-03 23:10:40.990986,2026-09-06 04:00:00,aqi_t+48h,2,75.05374416108731,ridge,9,70.0,,,
2026-09-03 23:10:40.990986,2026-09-07 04:00:00,aqi_t+72h,3,72.29518537057979,rf,9,65.0,,,
2026-09-04 01:09:40.938725,2026-09-05 06:00:00,aqi_t+24h,1,67.03844177936328,ridge,9,,,,
2026-09-04 01:09:40.938725,2026-09-06 06:00:00,aqi_t+48h,2,73.25439853724468,ridge,9,69.0,,,
2026-09-04 01:09:40.938725,2026-09-07 06:00:00,aqi_t+72h,3,71.75947047941789,rf,9,65.0,,,
2026-09-04 02:08:00.918710,2026-09-05 07:00:00,aqi_t+24h,1,66.36738735157675,ridge,9,,,,
2026-09-04 02:08:00.918710,2026-09-06 07:00:00,aqi_t+48h,2,72.8334790195677,ridge,9,69.0,,,
2026-09-04 02:08:00.918710,2026-09-07 07:00:00,aqi_t+72h,3,73.15346235257664,rf,9,65.0,,,
2026-09-04 03:11:22.448633,2026-09-05 08:00:00,aqi_t+24h,1,66.60934181094665,ridge,9,,,,
2026-09-04 03:11:22.448633,2026-09-06 08:00:00,aqi_t+48h,2,72.73642226697973,ridge,9,68.0,,,
2026-09-04 03:11:22.448633,2026-09-07 08:00:00,aqi_t+72h,3,74.24964748439514,rf,9,64.0,,,
2026-09-04 04:12:49.520824,2026-09-05 09:00:00,aqi_t+24h,1,67.82886441343148,ridge,9,,,,
2026-09-04 04:12:49.520824,2026-09-06 09:00:00,aqi_t+48h,2,73.09941498296007,ridge,9,68.0,,,
2026-09-04 04:12:49.520824,2026-09-07 09:00:00,aqi_t+72h,3,73.83930069127128,rf,9,64.0,,,
2026-09-04 05:11:46.636596,2026-09-05 10:00:00,aqi_t+24h,1,67.63942791530995,ridge,9,,,,
2026-09-04 05:11:46.636596,2026-09-06 10:00:00,aqi_t+48h,2,73.08951210866861,ridge,9,68.0,,,
2026-09-04 05:11:46.636596,2026-09-07 10:00:00,aqi_t+72h,3,70.85451499118126,rf,9,64.0,,,
2026-09-04 07:24:32.495979,2026-09-05 12:00:00,aqi_t+24h,1,68.55132732879538,ridge,9,,,,
2026-09-04 07:24:32.495979,2026-09-06 12:00:00,aqi_t+48h,2,74.18064863074396,ridge,9,68.0,,,
2026-09-04 07:24:32.495979,2026-09-07 12:00:00,aqi_t+72h,3,69.43508518168228,rf,9,64.0,,,
2026-09-04 10:08:58.101514,2026-09-05 15:00:00,aqi_t+24h,1,69.9715418958642,ridge,9,,,,
2026-09-04 10:08:58.101514,2026-09-06 15:00:00,aqi_t+48h,2,75.87080077448616,ridge,9,68.0,,,
2026-09-04 10:08:58.101514,2026-09-07 15:00:00,aqi_t+72h,3,70.01060766603572,rf,9,63.0,,,
2026-09-04 13:03:05.578767,2026-09-05 17:00:00,aqi_t+24h,1,68.1706025030553,ridge,9,,,,
2026-09-04 13:03:05.578767,2026-09-06 17:00:00,aqi_t+48h,2,75.64152248975702,ridge,9,69.0,,,
2026-09-04 13:03:05.578767,2026-09-07 17:00:00,aqi_t+72h,3,69.45752332002237,rf,9,63.0,,,
2026-09-04 14:11:31.494034,2026-09-05 19:00:00,aqi_t+24h,1,69.51643930447952,ridge,9,,,,
2026-09-04 14:11:31.494034,2026-09-06 19:00:00,aqi_t+48h,2,76.37590935200866,ridge,9,67.0,,,
2026-09-04 14:11:31.494034,2026-09-07 19:00:00,aqi_t+72h,3,71.18234552103945,rf,9,63.0,,,
2026-09-04 16:12:04.039894,2026-09-05 21:00:00,aqi_t+24h,1,66.82270352021013,ridge,9,,,,
2026-09-04 16:12:04.039894,2026-09-06 21:00:00,aqi_t+48h,2,74.88966810049152,ridge,9,65.0,,,
2026-09-04 16:12:04.039894,2026-09-07 21:00:00,aqi_t+72h,3,73.27231207187958,rf,9,63.0,,,
2026-09-04 17:09:22.536700,2026-09-05 22:00:00,aqi_t+24h,1,65.2184303345313,ridge,9,,,,
2026-09-04 17:09:22.536700,2026-09-06 22:00:00,aqi_t+48h,2,74.00134161550184,ridge,9,65.0,,,
2026-09-04 17:09:22.536700,2026-09-07 22:00:00,aqi_t+72h,3,73.36835671441825,rf,9,63.0,,,
2026-09-04 18:13:55.625339,2026-09-05 23:00:00,aqi_t+24h,1,64.61744235291346,ridge,9,,,,
2026-09-04 18:13:55.625339,2026-09-06 23:00:00,aqi_t+48h,2,73.42459372018669,ridge,9,64.0,,,
2026-09-04 18:13:55.625339,2026-09-07 23:00:00,aqi_t+72h,3,73.26809446918624,rf,9,63.0,,,
2026-09-04 19:13:28.140244,2026-09-06 00:00:00,aqi_t+24h,1,65.27700980146786,ridge,9,,,,
2026-09-04 19:13:28.140244,2026-09-07 00:00:00,aqi_t+48h,2,74.53551584666869,ridge,9,64.0,,,
2026-09-04 19:13:28.140244,2026-09-08 00:00:00,aqi_t+72h,3,71.52651775058112,rf,9,63.0,,,
2026-09-04 20:20:50.940787,2026-09-06 01:00:00,aqi_t+24h,1,65.48955730441048,ridge,9,65.0,,,
2026-09-04 20:20:50.940787,2026-09-07 01:00:00,aqi_t+48h,2,74.19553450308108,ridge,9,64.0,,,
2026-09-04 20:20:50.940787,2026-09-08 01:00:00,aqi_t+72h,3,70.81690399778107,rf,9,63.0,,,
2026-09-04 21:21:15.914541,2026-09-06 02:00:00,aqi_t+24h,1,65.8400953224147,ridge,9,64.0,,,
2026-09-04 21:21:15.914541,2026-09-07 02:00:00,aqi_t+48h,2,74.22109630865953,ridge,9,64.0,,,
2026-09-04 21:21:15.914541,2026-09-08 02:00:00,aqi_t+72h,3,70.99967198600245,rf,9,63.0,,,
2026-09-05 00:01:48.171008,2026-09-06 04:00:00,aqi_t+24h,1,67.92848108032214,ridge,9,70.0,,,
2026-09-05 00:01:48.171008,2026-09-07 04:00:00,aqi_t+48h,2,75.02697465310548,ridge,9,65.0,,,
2026-09-05 00:01:48.171008,2026-09-08 04:00:00,aqi_t+72h,3,71.11219814659977,rf,9,64.0,,,
2026-09-05 01:17:59.053232,2026-09-06 06:00:00,aqi_t+24h,1,64.45768738397831,ridge,9,69.0,,,
2026-09-05 01:17:59.053232,2026-09-07 06:00:00,aqi_t+48h,2,72.92411784554247,ridge,9,65.0,,,
2026-09-05 01:17:59.053232,2026-09-08 06:00:00,aqi_t+72h,3,70.31339289353585,rf,9,64.0,,,
2026-09-05 02:15:13.794449,2026-09-06 07:00:00,aqi_t+24h,1,64.84641275694138,ridge,9,69.0,,,
2026-09-05 02:15:13.794449,2026-09-07 07:00:00,aqi_t+48h,2,73.0336370873931,ridge,9,65.0,,,
2026-09-05 02:15:13.794449,2026-09-08 07:00:00,aqi_t+72h,3,70.61684506796404,rf,9,64.0,,,
2026-09-05 03:14:40.405957,2026-09-06 08:00:00,aqi_t+24h,1,63.80135760093946,ridge,9,68.0,,,
2026-09-05 03:14:40.405957,2026-09-07 08:00:00,aqi_t+48h,2,72.22153230139791,ridge,9,64.0,,,
2026-09-05 03:14:40.405957,2026-09-08 08:00:00,aqi_t+72h,3,72.4632587009541,rf,9,64.0,,,
2026-09-05 05:20:46.560636,2026-09-06 10:00:00,aqi_t+24h,1,65.88702638583672,ridge,9,68.0,,,
2026-09-05 05:20:46.560636,2026-09-07 10:00:00,aqi_t+48h,2,72.92231036715287,ridge,9,64.0,,,
2026-09-05 05:20:46.560636,2026-09-08 10:00:00,aqi_t+72h,3,67.84728986188519,rf,9,63.0,,,
2026-09-05 08:20:21.295774,2026-09-06 13:00:00,aqi_t+24h,1,68.68493622071874,ridge,9,68.0,,,
2026-09-05 08:20:21.295774,2026-09-07 13:00:00,aqi_t+48h,2,75.09512284342372,ridge,9,63.0,,,
2026-09-05 08:20:21.295774,2026-09-08 13:00:00,aqi_t+72h,3,67.96754506243872,rf,9,63.0,,,
2026-09-05 09:13:31.913168,2026-09-06 14:00:00,aqi_t+24h,1,69.02948046987781,ridge,9,68.0,,,
2026-09-05 09:13:31.913168,2026-09-07 14:00:00,aqi_t+48h,2,75.73927087453782,ridge,9,63.0,,,
2026-09-05 09:13:31.913168,2026-09-08 14:00:00,aqi_t+72h,3,68.00345172287486,rf,9,63.0,,,
2026-09-05 10:18:06.253436,2026-09-06 15:00:00,aqi_t+24h,1,69.76984049993506,ridge,9,68.0,,,
2026-09-05 10:18:06.253436,2026-09-07 15:00:00,aqi_t+48h,2,70.63707410169927,rf,10,63.0,,,
2026-09-05 10:18:06.253436,2026-09-08 15:00:00,aqi_t+72h,3,68.4738178289707,rf,11,62.0,,,
2026-09-05 13:12:15.102649,2026-09-06 17:00:00,aqi_t+24h,1,63.68144607543945,nn,13,69.0,,,
2026-09-05 13:12:15.102649,2026-09-07 17:00:00,aqi_t+48h,2,69.39544389023358,rf,13,63.0,,,
2026-09-05 13:12:15.102649,2026-09-08 17:00:00,aqi_t+72h,3,68.25907643193085,rf,12,64.0,,,
2026-09-05 14:17:06.430671,2026-09-06 19:00:00,aqi_t+24h,1,68.69615443746805,ridge,15,67.0,,,
2026-09-05 14:17:06.430671,2026-09-07 19:00:00,aqi_t+48h,2,69.68948962118516,rf,15,63.0,,,
2026-09-05 14:17:06.430671,2026-09-08 19:00:00,aqi_t+72h,3,69.6476183226989,rf,14,63.0,,,
2026-09-05 15:13:31.063810,2026-09-06 20:00:00,aqi_t+24h,1,65.63153694456204,ridge,15,66.0,,,
2026-09-05 15:13:31.063810,2026-09-07 20:00:00,aqi_t+48h,2,67.92868421038027,rf,15,63.0,,,
2026-09-05 15:13:31.063810,2026-09-08 20:00:00,aqi_t+72h,3,69.9856229749756,rf,14,63.0,,,
2026-09-05 16:30:47.863430,2026-09-06 21:00:00,aqi_t+24h,1,63.63054145286355,ridge,15,65.0,,,
2026-09-05 16:30:47.863430,2026-09-07 21:00:00,aqi_t+48h,2,67.06124729044456,rf,15,63.0,,,
2026-09-05 16:30:47.863430,2026-09-08 21:00:00,aqi_t+72h,3,69.16314538533771,rf,14,63.0,,,
2026-09-05 17:17:38.670604,2026-09-06 22:00:00,aqi_t+24h,1,64.01108318654909,ridge,15,65.0,,,
2026-09-05 17:17:38.670604,2026-09-07 22:00:00,aqi_t+48h,2,66.94057691938153,rf,15,63.0,,,
2026-09-05 17:17:38.670604,2026-09-08 22:00:00,aqi_t+72h,3,67.69662388177395,rf,14,62.0,,,
2026-09-05 18:25:39.741661,2026-09-06 23:00:00,aqi_t+24h,1,65.2742376374226,ridge,15,64.0,,,
2026-09-05 18:25:39.741661,2026-09-07 23:00:00,aqi_t+48h,2,67.18270440582998,rf,15,63.0,,,
2026-09-05 18:25:39.741661,2026-09-08 23:00:00,aqi_t+72h,3,67.86902359383399,rf,14,62.0,,,
2026-09-05 19:18:17.735067,2026-09-07 00:00:00,aqi_t+24h,1,65.65106102608189,ridge,15,64.0,,,
2026-09-05 19:18:17.735067,2026-09-08 00:00:00,aqi_t+48h,2,67.27137061188944,rf,15,63.0,,,
2026-09-05 19:18:17.735067,2026-09-09 00:00:00,aqi_t+72h,3,68.70522596895069,rf,14,62.0,,,
2026-09-05 20:32:13.460915,2026-09-07 01:00:00,aqi_t+24h,1,63.64004135131836,nn,17,64.0,0.6182573612936026,4.835746467453833,6.558786330595087
2026-09-05 20:32:13.460915,2026-09-08 01:00:00,aqi_t+48h,2,74.88920821119741,ridge,17,63.0,0.1823295086517548,7.041556057013447,9.655624862635424
2026-09-05 20:32:13.460915,2026-09-09 01:00:00,aqi_t+72h,3,73.41779327392578,nn,16,62.0,0.0390438878068831,7.3770784451383395,10.521927962406684
2026-09-05 21:12:28.954740,2026-09-07 02:00:00,aqi_t+24h,1,61.9516830444336,nn,17,64.0,0.6182573612936026,4.835746467453833,6.558786330595087
2026-09-05 21:12:28.954740,2026-09-08 02:00:00,aqi_t+48h,2,73.98257073406177,ridge,17,63.0,0.1823295086517548,7.041556057013447,9.655624862635424
2026-09-05 21:12:28.954740,2026-09-09 02:00:00,aqi_t+72h,3,72.89154052734375,nn,16,61.0,0.0390438878068831,7.3770784451383395,10.521927962406684
2026-09-05 22:17:02.816266,2026-09-07 03:00:00,aqi_t+24h,1,61.60113143920898,nn,17,64.0,0.6182573612936026,4.835746467453833,6.558786330595087
2026-09-05 22:17:02.816266,2026-09-08 03:00:00,aqi_t+48h,2,73.62430570154044,ridge,17,63.0,0.1823295086517548,7.041556057013447,9.655624862635424
2026-09-05 22:17:02.816266,2026-09-09 03:00:00,aqi_t+72h,3,72.1961669921875,nn,16,61.0,0.0390438878068831,7.3770784451383395,10.521927962406684
2026-09-05 23:26:51.778303,2026-09-07 04:00:00,aqi_t+24h,1,64.97013092041016,nn,17,65.0,0.6182573612936026,4.835746467453833,6.558786330595087
2026-09-05 23:26:51.778303,2026-09-08 04:00:00,aqi_t+48h,2,75.32082490619175,ridge,17,64.0,0.1823295086517548,7.041556057013447,9.655624862635424
2026-09-05 23:26:51.778303,2026-09-09 04:00:00,aqi_t+72h,3,71.81635284423828,nn,16,,0.0390438878068831,7.3770784451383395,10.521927962406684
2026-09-06 00:12:04.094291,2026-09-07 05:00:00,aqi_t+24h,1,65.00825500488281,nn,17,65.0,0.6182573612936026,4.835746467453833,6.558786330595087
2026-09-06 00:12:04.094291,2026-09-08 05:00:00,aqi_t+48h,2,74.14879960868686,ridge,17,64.0,0.1823295086517548,7.041556057013447,9.655624862635424
2026-09-06 00:12:04.094291,2026-09-09 05:00:00,aqi_t+72h,3,72.72477722167969,nn,16,,0.0390438878068831,7.3770784451383395,10.521927962406684
2026-09-06 01:14:40.415832,2026-09-07 06:00:00,aqi_t+24h,1,67.01237487792969,nn,17,65.0,0.6182573612936026,4.835746467453833,6.558786330595087
2026-09-06 01:14:40.415832,2026-09-08 06:00:00,aqi_t+48h,2,74.81845078896711,ridge,17,64.0,0.1823295086517548,7.041556057013447,9.655624862635424
2026-09-06 01:14:40.415832,2026-09-09 06:00:00,aqi_t+72h,3,75.7925033569336,nn,16,,0.0390438878068831,7.3770784451383395,10.521927962406684
2026-09-06 02:15:00.785333,2026-09-07 07:00:00,aqi_t+24h,1,65.52120971679688,nn,17,65.0,0.6182573612936026,4.835746467453833,6.558786330595087
2026-09-06 02:15:00.785333,2026-09-08 07:00:00,aqi_t+48h,2,74.36964405746866,ridge,17,64.0,0.1823295086517548,7.041556057013447,9.655624862635424
2026-09-06 02:15:00.785333,2026-09-09 07:00:00,aqi_t+72h,3,73.5002670288086,nn,16,,0.0390438878068831,7.3770784451383395,10.521927962406684
2026-09-06 03:16:02.209969,2026-09-07 08:00:00,aqi_t+24h,1,64.33968353271484,nn,17,64.0,0.6182573612936026,4.835746467453833,6.558786330595087
2026-09-06 03:16:02.209969,2026-09-08 08:00:00,aqi_t+48h,2,73.32169937974487,ridge,17,64.0,0.1823295086517548,7.041556057013447,9.655624862635424
2026-09-06 03:16:02.209969,2026-09-09 08:00:00,aqi_t+72h,3,71.0920181274414,nn,16,,0.0390438878068831,7.3770784451383395,10.521927962406684
2026-09-06 04:19:23.121373,2026-09-07 09:00:00,aqi_t+24h,1,65.07209777832031,nn,17,64.0,0.6182573612936026,4.835746467453833,6.558786330595087
2026-09-06 04:19:23.121373,2026-09-08 09:00:00,aqi_t+48h,2,74.04584002443437,ridge,17,64.0,0.1823295086517548,7.041556057013447,9.655624862635424
2026-09-06 04:19:23.121373,2026-09-09 09:00:00,aqi_t+72h,3,68.2830581665039,nn,16,,0.0390438878068831,7.3770784451383395,10.521927962406684
2026-09-06 05:12:12.799693,2026-09-07 10:00:00,aqi_t+24h,1,65.77786254882812,nn,17,64.0,0.6182573612936026,4.835746467453833,6.558786330595087
2026-09-06 05:12:12.799693,2026-09-08 10:00:00,aqi_t+48h,2,74.56748869515421,ridge,17,63.0,0.1823295086517548,7.041556057013447,9.655624862635424
2026-09-06 05:12:12.799693,2026-09-09 10:00:00,aqi_t+72h,3,67.66732788085938,nn,16,,0.0390438878068831,7.3770784451383395,10.521927962406684
2026-09-06 06:20:18.028084,2026-09-07 11:00:00,aqi_t+24h,1,68.38479614257812,nn,17,64.0,0.6182573612936026,4.835746467453833,6.558786330595087
2026-09-06 06:20:18.028084,2026-09-08 11:00:00,aqi_t+48h,2,74.42723955393822,ridge,17,63.0,0.1823295086517548,7.041556057013447,9.655624862635424
2026-09-06 06:20:18.028084,2026-09-09 11:00:00,aqi_t+72h,3,68.28463745117188,nn,16,,0.0390438878068831,7.3770784451383395,10.521927962406684
2026-09-06 07:12:47.176044,2026-09-07 12:00:00,aqi_t+24h,1,68.22056579589844,nn,17,64.0,0.6182573612936026,4.835746467453833,6.558786330595087
2026-09-06 07:12:47.176044,2026-09-08 12:00:00,aqi_t+48h,2,75.1542149135746,ridge,17,63.0,0.1823295086517548,7.041556057013447,9.655624862635424
2026-09-06 07:12:47.176044,2026-09-09 12:00:00,aqi_t+72h,3,68.97884368896484,nn,16,,0.0390438878068831,7.3770784451383395,10.521927962406684
2026-09-06 08:16:44.892897,2026-09-07 13:00:00,aqi_t+24h,1,67.75131225585938,nn,17,63.0,0.6182573612936026,4.835746467453833,6.558786330595087
2026-09-06 08:16:44.892897,2026-09-08 13:00:00,aqi_t+48h,2,75.66496382143919,ridge,17,63.0,0.1823295086517548,7.041556057013447,9.655624862635424
2026-09-06 08:16:44.892897,2026-09-09 13:00:00,aqi_t+72h,3,69.08787536621094,nn,16,,0.0390438878068831,7.3770784451383395,10.521927962406684
2026-09-06 09:15:07.500806,2026-09-07 14:00:00,aqi_t+24h,1,67.56321716308594,nn,17,63.0,0.6182573612936026,4.835746467453833,6.558786330595087
2026-09-06 09:15:07.500806,2026-09-08 14:00:00,aqi_t+48h,2,76.10038534300746,ridge,17,63.0,0.1823295086517548,7.041556057013447,9.655624862635424
2026-09-06 09:15:07.500806,2026-09-09 14:00:00,aqi_t+72h,3,69.67304229736328,nn,16,,0.0390438878068831,7.3770784451383395,10.521927962406684
2026-09-06 10:20:52.073546,2026-09-07 15:00:00,aqi_t+24h,1,66.5125732421875,nn,17,63.0,0.6182573612936026,4.835746467453833,6.558786330595087
2026-09-06 10:20:52.073546,2026-09-08 15:00:00,aqi_t+48h,2,76.33889216955215,ridge,17,62.0,0.1823295086517548,7.041556057013447,9.655624862635424
2026-09-06 10:20:52.073546,2026-09-09 15:00:00,aqi_t+72h,3,69.45304870605469,nn,16,,0.0390438878068831,7.3770784451383395,10.521927962406684
2026-09-06 11:17:32.583071,2026-09-07 16:00:00,aqi_t+24h,1,65.20111083984375,nn,17,63.0,0.6182573612936026,4.835746467453833,6.558786330595087
2026-09-06 11:17:32.583071,2026-09-08 16:00:00,aqi_t+48h,2,76.2968164328261,ridge,17,64.0,0.1823295086517548,7.041556057013447,9.655624862635424
2026-09-06 11:17:32.583071,2026-09-09 16:00:00,aqi_t+72h,3,68.85775756835938,nn,16,,0.0390438878068831,7.3770784451383395,10.521927962406684
2026-09-06 12:13:12.371607,2026-09-07 17:00:00,aqi_t+24h,1,64.67550659179688,nn,17,63.0,0.6182573612936026,4.835746467453833,6.558786330595087
2026-09-06 12:13:12.371607,2026-09-08 17:00:00,aqi_t+48h,2,76.41433170418684,ridge,17,64.0,0.1823295086517548,7.041556057013447,9.655624862635424
2026-09-06 12:13:12.371607,2026-09-09 17:00:00,aqi_t+72h,3,69.29019927978516,nn,16,,0.0390438878068831,7.3770784451383395,10.521927962406684
2026-09-06 13:13:03.765973,2026-09-07 18:00:00,aqi_t+24h,1,66.12509155273438,nn,17,63.0,0.6182573612936026,4.835746467453833,6.558786330595087
2026-09-06 13:13:03.765973,2026-09-08 18:00:00,aqi_t+48h,2,76.54085545646218,ridge,17,63.0,0.1823295086517548,7.041556057013447,9.655624862635424
2026-09-06 13:13:03.765973,2026-09-09 18:00:00,aqi_t+72h,3,70.42489624023438,nn,16,,0.0390438878068831,7.3770784451383395,10.521927962406684
2026-09-06 14:23:52.331745,2026-09-07 19:00:00,aqi_t+24h,1,63.46559524536133,nn,17,63.0,0.6182573612936026,4.835746467453833,6.558786330595087
2026-09-06 14:23:52.331745,2026-09-08 19:00:00,aqi_t+48h,2,75.62207212853588,ridge,17,63.0,0.1823295086517548,7.041556057013447,9.655624862635424
2026-09-06 14:23:52.331745,2026-09-09 19:00:00,aqi_t+72h,3,71.04490661621094,nn,16,,0.0390438878068831,7.3770784451383395,10.521927962406684
2026-09-06 15:15:45.025916,2026-09-07 20:00:00,aqi_t+24h,1,61.77786636352539,nn,17,63.0,0.6182573612936026,4.835746467453833,6.558786330595087
2026-09-06 15:15:45.025916,2026-09-08 20:00:00,aqi_t+48h,2,74.92435980114291,ridge,17,63.0,0.1823295086517548,7.041556057013447,9.655624862635424
2026-09-06 15:15:45.025916,2026-09-09 20:00:00,aqi_t+72h,3,71.6497573852539,nn,16,,0.0390438878068831,7.3770784451383395,10.521927962406684
2026-09-06 16:13:57.669041,2026-09-07 21:00:00,aqi_t+24h,1,62.2852783203125,nn,17,63.0,0.6182573612936026,4.835746467453833,6.558786330595087
2026-09-06 16:13:57.669041,2026-09-08 21:00:00,aqi_t+48h,2,74.58680066851264,ridge,17,63.0,0.1823295086517548,7.041556057013447,9.655624862635424
2026-09-06 16:13:57.669041,2026-09-09 21:00:00,aqi_t+72h,3,73.25420379638672,nn,16,,0.0390438878068831,7.3770784451383395,10.521927962406684
2026-09-06 17:17:28.339849,2026-09-07 22:00:00,aqi_t+24h,1,62.89019393920898,nn,17,63.0,0.6182573612936026,4.835746467453833,6.558786330595087
2026-09-06 17:17:28.339849,2026-09-08 22:00:00,aqi_t+48h,2,75.01472698250417,ridge,17,62.0,0.1823295086517548,7.041556057013447,9.655624862635424
2026-09-06 17:17:28.339849,2026-09-09 22:00:00,aqi_t+72h,3,72.7848129272461,nn,16,,0.0390438878068831,7.3770784451383395,10.521927962406684
2026-09-06 18:15:58.559646,2026-09-07 23:00:00,aqi_t+24h,1,60.96613693237305,nn,17,63.0,0.6182573612936026,4.835746467453833,6.558786330595087
2026-09-06 18:15:58.559646,2026-09-08 23:00:00,aqi_t+48h,2,74.17901874302815,ridge,17,62.0,0.1823295086517548,7.041556057013447,9.655624862635424
2026-09-06 18:15:58.559646,2026-09-09 23:00:00,aqi_t+72h,3,70.79776000976562,nn,16,,0.0390438878068831,7.3770784451383395,10.521927962406684
2026-09-06 19:40:33.895034,2026-09-08 00:00:00,aqi_t+24h,1,59.53035354614258,nn,17,63.0,0.6182573612936026,4.835746467453833,6.558786330595087
2026-09-06 19:40:33.895034,2026-09-09 00:00:00,aqi_t+48h,2,73.55301336914857,ridge,17,62.0,0.1823295086517548,7.041556057013447,9.655624862635424
2026-09-06 19:40:33.895034,2026-09-10 00:00:00,aqi_t+72h,3,69.58307647705078,nn,16,,0.0390438878068831,7.3770784451383395,10.521927962406684
2026-09-06 20:40:59.890345,2026-09-08 01:00:00,aqi_t+24h,1,66.4808299803812,ridge,18,63.0,0.607201123861713,4.877515545240069,6.689983556139418
2026-09-06 20:40:59.890345,2026-09-09 01:00:00,aqi_t+48h,2,69.92196903500911,rf,18,62.0,0.2176164209435449,7.045716846131024,9.49494554444509
2026-09-06 20:40:59.890345,2026-09-10 01:00:00,aqi_t+72h,3,72.39027970383763,rf,17,,0.04775230484164,7.457684066461961,10.501685686793236
2026-09-06 21:14:56.567540,2026-09-08 02:00:00,aqi_t+24h,1,67.37507380203694,ridge,18,63.0,0.607201123861713,4.877515545240069,6.689983556139418
2026-09-06 21:14:56.567540,2026-09-09 02:00:00,aqi_t+48h,2,69.77601406594391,rf,18,61.0,0.2176164209435449,7.045716846131024,9.49494554444509
2026-09-06 21:14:56.567540,2026-09-10 02:00:00,aqi_t+72h,3,72.68541388719031,rf,17,,0.04775230484164,7.457684066461961,10.501685686793236
2026-09-06 22:18:56.366489,2026-09-08 03:00:00,aqi_t+24h,1,66.9081978548536,ridge,18,63.0,0.607201123861713,4.877515545240069,6.689983556139418
2026-09-06 22:18:56.366489,2026-09-09 03:00:00,aqi_t+48h,2,70.25187092462919,rf,18,61.0,0.2176164209435449,7.045716846131024,9.49494554444509
2026-09-06 22:18:56.366489,2026-09-10 03:00:00,aqi_t+72h,3,72.55917312106247,rf,17,,0.04775230484164,7.457684066461961,10.501685686793236
2026-09-06 23:20:12.780507,2026-09-08 04:00:00,aqi_t+24h,1,67.69558264477044,ridge,18,64.0,0.607201123861713,4.877515545240069,6.689983556139418
2026-09-06 23:20:12.780507,2026-09-09 04:00:00,aqi_t+48h,2,69.970946143326,rf,18,,0.2176164209435449,7.045716846131024,9.49494554444509
2026-09-06 23:20:12.780507,2026-09-10 04:00:00,aqi_t+72h,3,71.90010261314143,rf,17,,0.04775230484164,7.457684066461961,10.501685686793236
2026-09-07 00:21:53.353244,2026-09-08 05:00:00,aqi_t+24h,1,67.15905857377582,ridge,18,64.0,0.607201123861713,4.877515545240069,6.689983556139418
2026-09-07 00:21:53.353244,2026-09-09 05:00:00,aqi_t+48h,2,69.62365556277751,rf,18,,0.2176164209435449,7.045716846131024,9.49494554444509
2026-09-07 00:21:53.353244,2026-09-10 05:00:00,aqi_t+72h,3,71.43212799210895,rf,17,,0.04775230484164,7.457684066461961,10.501685686793236
2026-09-07 01:24:23.054331,2026-09-08 06:00:00,aqi_t+24h,1,65.99780875212485,ridge,18,64.0,0.607201123861713,4.877515545240069,6.689983556139418
2026-09-07 01:24:23.054331,2026-09-09 06:00:00,aqi_t+48h,2,69.31899404243045,rf,18,,0.2176164209435449,7.045716846131024,9.49494554444509
2026-09-07 01:24:23.054331,2026-09-10 06:00:00,aqi_t+72h,3,71.73159903164768,rf,17,,0.04775230484164,7.457684066461961,10.501685686793236
2026-09-07 02:14:06.941675,2026-09-08 07:00:00,aqi_t+24h,1,65.45844385104292,ridge,18,64.0,0.607201123861713,4.877515545240069,6.689983556139418
2026-09-07 02:14:06.941675,2026-09-09 07:00:00,aqi_t+48h,2,69.94239150762007,rf,18,,0.2176164209435449,7.045716846131024,9.49494554444509
2026-09-07 02:14:06.941675,2026-09-10 07:00:00,aqi_t+72h,3,74.05855115112077,rf,17,,0.04775230484164,7.457684066461961,10.501685686793236
2026-09-07 03:22:22.409814,2026-09-08 08:00:00,aqi_t+24h,1,62.743886183210535,ridge,18,64.0,0.607201123861713,4.877515545240069,6.689983556139418
2026-09-07 03:22:22.409814,2026-09-09 08:00:00,aqi_t+48h,2,71.9581861269135,rf,18,,0.2176164209435449,7.045716846131024,9.49494554444509
2026-09-07 03:22:22.409814,2026-09-10 08:00:00,aqi_t+72h,3,75.19034399432853,rf,17,,0.04775230484164,7.457684066461961,10.501685686793236
2026-09-07 04:22:52.546520,2026-09-08 09:00:00,aqi_t+24h,1,64.639497651413,ridge,18,64.0,0.607201123861713,4.877515545240069,6.689983556139418
2026-09-07 04:22:52.546520,2026-09-09 09:00:00,aqi_t+48h,2,72.65728462925443,rf,18,,0.2176164209435449,7.045716846131024,9.49494554444509
2026-09-07 04:22:52.546520,2026-09-10 09:00:00,aqi_t+72h,3,75.69373716762757,rf,17,,0.04775230484164,7.457684066461961,10.501685686793236
2026-09-07 05:17:02.390003,2026-09-08 10:00:00,aqi_t+24h,1,65.55095523199074,ridge,18,63.0,0.607201123861713,4.877515545240069,6.689983556139418
2026-09-07 05:17:02.390003,2026-09-09 10:00:00,aqi_t+48h,2,73.0673519755742,rf,18,,0.2176164209435449,7.045716846131024,9.49494554444509
2026-09-07 05:17:02.390003,2026-09-10 10:00:00,aqi_t+72h,3,74.61953354941228,rf,17,,0.04775230484164,7.457684066461961,10.501685686793236
2026-09-07 06:16:59.901688,2026-09-08 11:00:00,aqi_t+24h,1,65.88922504659313,ridge,18,63.0,0.607201123861713,4.877515545240069,6.689983556139418
2026-09-07 06:16:59.901688,2026-09-09 11:00:00,aqi_t+48h,2,71.89486097703558,rf,18,,0.2176164209435449,7.045716846131024,9.49494554444509
2026-09-07 06:16:59.901688,2026-09-10 11:00:00,aqi_t+72h,3,74.07132373764313,rf,17,,0.04775230484164,7.457684066461961,10.501685686793236
2026-09-07 07:23:40.674326,2026-09-08 12:00:00,aqi_t+24h,1,66.24406476132711,ridge,18,63.0,0.607201123861713,4.877515545240069,6.689983556139418
2026-09-07 07:23:40.674326,2026-09-09 12:00:00,aqi_t+48h,2,71.57005658158728,rf,18,,0.2176164209435449,7.045716846131024,9.49494554444509
2026-09-07 07:23:40.674326,2026-09-10 12:00:00,aqi_t+72h,3,72.55563487570299,rf,17,,0.04775230484164,7.457684066461961,10.501685686793236
2026-09-07 08:24:46.520048,2026-09-08 13:00:00,aqi_t+24h,1,67.00552955518569,ridge,18,63.0,0.607201123861713,4.877515545240069,6.689983556139418
2026-09-07 08:24:46.520048,2026-09-09 13:00:00,aqi_t+48h,2,71.70527191687236,rf,18,,0.2176164209435449,7.045716846131024,9.49494554444509
2026-09-07 08:24:46.520048,2026-09-10 13:00:00,aqi_t+72h,3,72.8507933111438,rf,17,,0.04775230484164,7.457684066461961,10.501685686793236
2026-09-07 09:24:52.792814,2026-09-08 14:00:00,aqi_t+24h,1,68.59479666287014,ridge,18,63.0,0.607201123861713,4.877515545240069,6.689983556139418
2026-09-07 09:24:52.792814,2026-09-09 14:00:00,aqi_t+48h,2,71.48250899800233,rf,18,,0.2176164209435449,7.045716846131024,9.49494554444509
2026-09-07 09:24:52.792814,2026-09-10 14:00:00,aqi_t+72h,3,72.14571332171087,rf,17,,0.04775230484164,7.457684066461961,10.501685686793236
2026-09-07 10:24:27.871583,2026-09-08 15:00:00,aqi_t+24h,1,68.14747420533533,ridge,18,62.0,0.607201123861713,4.877515545240069,6.689983556139418
2026-09-07 10:24:27.871583,2026-09-09 15:00:00,aqi_t+48h,2,70.81621208686015,rf,18,,0.2176164209435449,7.045716846131024,9.49494554444509
2026-09-07 10:24:27.871583,2026-09-10 15:00:00,aqi_t+72h,3,73.19069049943651,rf,17,,0.04775230484164,7.457684066461961,10.501685686793236
2026-09-07 11:16:54.749362,2026-09-08 16:00:00,aqi_t+24h,1,67.24210803971498,ridge,18,64.0,0.607201123861713,4.877515545240069,6.689983556139418
2026-09-07 11:16:54.749362,2026-09-09 16:00:00,aqi_t+48h,2,70.46167618116444,rf,18,,0.2176164209435449,7.045716846131024,9.49494554444509
2026-09-07 11:16:54.749362,2026-09-10 16:00:00,aqi_t+72h,3,73.98863100904235,rf,17,,0.04775230484164,7.457684066461961,10.501685686793236
2026-09-07 12:25:50.926398,2026-09-08 17:00:00,aqi_t+24h,1,71.90316003277923,ridge,18,64.0,0.607201123861713,4.877515545240069,6.689983556139418
2026-09-07 12:25:50.926398,2026-09-09 17:00:00,aqi_t+48h,2,72.25759612997422,rf,18,,0.2176164209435449,7.045716846131024,9.49494554444509
2026-09-07 12:25:50.926398,2026-09-10 17:00:00,aqi_t+72h,3,74.21344658266767,rf,17,,0.04775230484164,7.457684066461961,10.501685686793236
2026-09-07 13:27:47.964697,2026-09-08 18:00:00,aqi_t+24h,1,69.97068482143895,ridge,18,63.0,0.607201123861713,4.877515545240069,6.689983556139418
2026-09-07 13:27:47.964697,2026-09-09 18:00:00,aqi_t+48h,2,70.95759111428299,rf,18,,0.2176164209435449,7.045716846131024,9.49494554444509
2026-09-07 13:27:47.964697,2026-09-10 18:00:00,aqi_t+72h,3,76.12233222111601,rf,17,,0.04775230484164,7.457684066461961,10.501685686793236
2026-09-07 14:17:44.573706,2026-09-08 19:00:00,aqi_t+24h,1,68.82720813068336,ridge,18,63.0,0.607201123861713,4.877515545240069,6.689983556139418
2026-09-07 14:17:44.573706,2026-09-09 19:00:00,aqi_t+48h,2,70.73632824076896,rf,18,,0.2176164209435449,7.045716846131024,9.49494554444509
2026-09-07 14:17:44.573706,2026-09-10 19:00:00,aqi_t+72h,3,77.29307650647797,rf,17,,0.04775230484164,7.457684066461961,10.501685686793236
2026-09-07 15:18:19.161495,2026-09-08 20:00:00,aqi_t+24h,1,66.88857902399955,ridge,18,63.0,0.607201123861713,4.877515545240069,6.689983556139418
2026-09-07 15:18:19.161495,2026-09-09 20:00:00,aqi_t+48h,2,71.09868049890348,rf,18,,0.2176164209435449,7.045716846131024,9.49494554444509
2026-09-07 15:18:19.161495,2026-09-10 20:00:00,aqi_t+72h,3,76.03137261800416,rf,17,,0.04775230484164,7.457684066461961,10.501685686793236
2026-09-07 16:17:19.999469,2026-09-08 21:00:00,aqi_t+24h,1,66.0025023171078,ridge,18,63.0,0.607201123861713,4.877515545240069,6.689983556139418
2026-09-07 16:17:19.999469,2026-09-09 21:00:00,aqi_t+48h,2,71.17436297241561,rf,18,,0.2176164209435449,7.045716846131024,9.49494554444509
2026-09-07 16:17:19.999469,2026-09-10 21:00:00,aqi_t+72h,3,76.42616453707983,rf,17,,0.04775230484164,7.457684066461961,10.501685686793236
2026-09-07 17:11:19.195340,2026-09-08 22:00:00,aqi_t+24h,1,66.31784763187821,ridge,18,62.0,0.607201123861713,4.877515545240069,6.689983556139418
2026-09-07 17:11:19.195340,2026-09-09 22:00:00,aqi_t+48h,2,70.4716281620986,rf,18,,0.2176164209435449,7.045716846131024,9.49494554444509
2026-09-07 17:11:19.195340,2026-09-10 22:00:00,aqi_t+72h,3,75.44316486118177,rf,17,,0.04775230484164,7.457684066461961,10.501685686793236
2026-09-07 18:12:36.973595,2026-09-08 23:00:00,aqi_t+24h,1,66.91557438056988,ridge,18,62.0,0.607201123861713,4.877515545240069,6.689983556139418
2026-09-07 18:12:36.973595,2026-09-09 23:00:00,aqi_t+48h,2,70.25220162205828,rf,18,,0.2176164209435449,7.045716846131024,9.49494554444509
2026-09-07 18:12:36.973595,2026-09-10 23:00:00,aqi_t+72h,3,75.88989728205196,rf,17,,0.04775230484164,7.457684066461961,10.501685686793236
2026-09-07 19:14:26.989037,2026-09-09 00:00:00,aqi_t+24h,1,67.1682175503079,ridge,18,62.0,0.607201123861713,4.877515545240069,6.689983556139418
2026-09-07 19:14:26.989037,2026-09-10 00:00:00,aqi_t+48h,2,69.90955024309852,rf,18,,0.2176164209435449,7.045716846131024,9.49494554444509
2026-09-07 19:14:26.989037,2026-09-11 00:00:00,aqi_t+72h,3,75.93769125360667,rf,17,,0.04775230484164,7.457684066461961,10.501685686793236
2026-09-07 20:14:05.157424,2026-09-09 01:00:00,aqi_t+24h,1,66.59973907470703,nn,19,62.0,0.623268470714225,4.887844681512742,6.5866973489609775
2026-09-07 20:14:05.157424,2026-09-10 01:00:00,aqi_t+48h,2,69.60372903481283,rf,19,,0.2275452325799033,6.967157970987222,9.460758550433289
2026-09-07 20:14:05.157424,2026-09-11 01:00:00,aqi_t+72h,3,75.54462074997413,rf,18,,0.0570321670529104,7.489073420059618,10.51961333445418
2026-09-07 21:11:59.007355,2026-09-09 02:00:00,aqi_t+24h,1,65.58531951904297,nn,19,61.0,0.623268470714225,4.887844681512742,6.5866973489609775
2026-09-07 21:11:59.007355,2026-09-10 02:00:00,aqi_t+48h,2,69.56842880790376,rf,19,,0.2275452325799033,6.967157970987222,9.460758550433289
2026-09-07 21:11:59.007355,2026-09-11 02:00:00,aqi_t+72h,3,76.01341148357956,rf,18,,0.0570321670529104,7.489073420059618,10.51961333445418
2026-09-07 22:17:18.576584,2026-09-09 03:00:00,aqi_t+24h,1,66.26530456542969,nn,19,61.0,0.623268470714225,4.887844681512742,6.5866973489609775
2026-09-07 22:17:18.576584,2026-09-10 03:00:00,aqi_t+48h,2,69.66953567560692,rf,19,,0.2275452325799033,6.967157970987222,9.460758550433289
2026-09-07 22:17:18.576584,2026-09-11 03:00:00,aqi_t+72h,3,76.24296799539832,rf,18,,0.0570321670529104,7.489073420059618,10.51961333445418
2026-09-07 23:14:26.865272,2026-09-09 04:00:00,aqi_t+24h,1,67.53008270263672,nn,19,,0.623268470714225,4.887844681512742,6.5866973489609775
2026-09-07 23:14:26.865272,2026-09-10 04:00:00,aqi_t+48h,2,70.85293300783128,rf,19,,0.2275452325799033,6.967157970987222,9.460758550433289
2026-09-07 23:14:26.865272,2026-09-11 04:00:00,aqi_t+72h,3,75.70053998881069,rf,18,,0.0570321670529104,7.489073420059618,10.51961333445418
2026-09-08 00:20:30.557306,2026-09-09 05:00:00,aqi_t+24h,1,67.20040893554688,nn,19,,0.623268470714225,4.887844681512742,6.5866973489609775
2026-09-08 00:20:30.557306,2026-09-10 05:00:00,aqi_t+48h,2,69.75791380781651,rf,19,,0.2275452325799033,6.967157970987222,9.460758550433289
2026-09-08 00:20:30.557306,2026-09-11 05:00:00,aqi_t+72h,3,75.62587058403246,rf,18,,0.0570321670529104,7.489073420059618,10.51961333445418
2026-09-08 01:19:32.287202,2026-09-09 06:00:00,aqi_t+24h,1,66.09773254394531,nn,19,,0.623268470714225,4.887844681512742,6.5866973489609775
2026-09-08 01:19:32.287202,2026-09-10 06:00:00,aqi_t+48h,2,70.32471886357138,rf,19,,0.2275452325799033,6.967157970987222,9.460758550433289
2026-09-08 01:19:32.287202,2026-09-11 06:00:00,aqi_t+72h,3,74.73280174132029,rf,18,,0.0570321670529104,7.489073420059618,10.51961333445418
2026-09-08 02:21:42.618621,2026-09-09 07:00:00,aqi_t+24h,1,66.42266845703125,nn,19,,0.623268470714225,4.887844681512742,6.5866973489609775
2026-09-08 02:21:42.618621,2026-09-10 07:00:00,aqi_t+48h,2,71.75152913184563,rf,19,,0.2275452325799033,6.967157970987222,9.460758550433289
2026-09-08 02:21:42.618621,2026-09-11 07:00:00,aqi_t+72h,3,74.8205085956738,rf,18,,0.0570321670529104,7.489073420059618,10.51961333445418
2026-09-08 03:19:22.954516,2026-09-09 08:00:00,aqi_t+24h,1,65.97370147705078,nn,19,,0.623268470714225,4.887844681512742,6.5866973489609775
2026-09-08 03:19:22.954516,2026-09-10 08:00:00,aqi_t+48h,2,72.43401371906981,rf,19,,0.2275452325799033,6.967157970987222,9.460758550433289
2026-09-08 03:19:22.954516,2026-09-11 08:00:00,aqi_t+72h,3,75.54304657789307,rf,18,,0.0570321670529104,7.489073420059618,10.51961333445418
2026-09-08 04:19:28.930011,2026-09-09 09:00:00,aqi_t+24h,1,69.83712005615234,nn,19,,0.623268470714225,4.887844681512742,6.5866973489609775
2026-09-08 04:19:28.930011,2026-09-10 09:00:00,aqi_t+48h,2,73.30301180449382,rf,19,,0.2275452325799033,6.967157970987222,9.460758550433289
2026-09-08 04:19:28.930011,2026-09-11 09:00:00,aqi_t+72h,3,75.3793549113146,rf,18,,0.0570321670529104,7.489073420059618,10.51961333445418
2026-09-08 05:11:59.336980,2026-09-09 10:00:00,aqi_t+24h,1,71.09132385253906,nn,19,,0.623268470714225,4.887844681512742,6.5866973489609775
2026-09-08 05:11:59.336980,2026-09-10 10:00:00,aqi_t+48h,2,73.08432322378727,rf,19,,0.2275452325799033,6.967157970987222,9.460758550433289
2026-09-08 05:11:59.336980,2026-09-11 10:00:00,aqi_t+72h,3,75.54693692612949,rf,18,,0.0570321670529104,7.489073420059618,10.51961333445418
2026-09-08 06:22:25.500880,2026-09-09 11:00:00,aqi_t+24h,1,67.16130828857422,nn,19,,0.623268470714225,4.887844681512742,6.5866973489609775
2026-09-08 06:22:25.500880,2026-09-10 11:00:00,aqi_t+48h,2,72.35190748216583,rf,19,,0.2275452325799033,6.967157970987222,9.460758550433289
2026-09-08 06:22:25.500880,2026-09-11 11:00:00,aqi_t+72h,3,74.84850611843349,rf,18,,0.0570321670529104,7.489073420059618,10.51961333445418
2026-09-08 07:14:01.950966,2026-09-09 12:00:00,aqi_t+24h,1,68.35920715332031,nn,19,,0.623268470714225,4.887844681512742,6.5866973489609775
2026-09-08 07:14:01.950966,2026-09-10 12:00:00,aqi_t+48h,2,72.03185583651486,rf,19,,0.2275452325799033,6.967157970987222,9.460758550433289
2026-09-08 07:14:01.950966,2026-09-11 12:00:00,aqi_t+72h,3,75.01381720469539,rf,18,,0.0570321670529104,7.489073420059618,10.51961333445418
2026-09-08 08:13:25.467498,2026-09-09 13:00:00,aqi_t+24h,1,68.83135986328125,nn,19,,0.623268470714225,4.887844681512742,6.5866973489609775
2026-09-08 08:13:25.467498,2026-09-10 13:00:00,aqi_t+48h,2,72.05113215149399,rf,19,,0.2275452325799033,6.967157970987222,9.460758550433289
2026-09-08 08:13:25.467498,2026-09-11 13:00:00,aqi_t+72h,3,75.82840345447174,rf,18,,0.0570321670529104,7.489073420059618,10.51961333445418
2026-09-08 09:16:10.553364,2026-09-09 14:00:00,aqi_t+24h,1,70.8553237915039,nn,19,,0.623268470714225,4.887844681512742,6.5866973489609775
2026-09-08 09:16:10.553364,2026-09-10 14:00:00,aqi_t+48h,2,71.61167980900521,rf,19,,0.2275452325799033,6.967157970987222,9.460758550433289
2026-09-08 09:16:10.553364,2026-09-11 14:00:00,aqi_t+72h,3,75.9190390976737,rf,18,,0.0570321670529104,7.489073420059618,10.51961333445418
2026-09-08 10:14:05.833028,2026-09-09 15:00:00,aqi_t+24h,1,70.14799499511719,nn,19,,0.623268470714225,4.887844681512742,6.5866973489609775
2026-09-08 10:14:05.833028,2026-09-10 15:00:00,aqi_t+48h,2,71.80983753864827,rf,19,,0.2275452325799033,6.967157970987222,9.460758550433289
2026-09-08 10:14:05.833028,2026-09-11 15:00:00,aqi_t+72h,3,76.65657304078985,rf,18,,0.0570321670529104,7.489073420059618,10.51961333445418
2026-09-08 11:20:15.853934,2026-09-09 16:00:00,aqi_t+24h,1,70.87970733642578,nn,19,,0.623268470714225,4.887844681512742,6.5866973489609775
2026-09-08 11:20:15.853934,2026-09-10 16:00:00,aqi_t+48h,2,73.64146071082082,rf,19,,0.2275452325799033,6.967157970987222,9.460758550433289
2026-09-08 11:20:15.853934,2026-09-11 16:00:00,aqi_t+72h,3,77.25737255804778,rf,18,,0.0570321670529104,7.489073420059618,10.51961333445418
2026-09-08 12:21:11.127515,2026-09-09 17:00:00,aqi_t+24h,1,70.22929382324219,nn,19,,0.623268470714225,4.887844681512742,6.5866973489609775
2026-09-08 12:21:11.127515,2026-09-10 17:00:00,aqi_t+48h,2,73.13917697815229,rf,19,,0.2275452325799033,6.967157970987222,9.460758550433289
2026-09-08 12:21:11.127515,2026-09-11 17:00:00,aqi_t+72h,3,76.80421331512736,rf,18,,0.0570321670529104,7.489073420059618,10.51961333445418
2026-09-08 13:14:10.975685,2026-09-09 18:00:00,aqi_t+24h,1,70.39772033691406,nn,19,,0.623268470714225,4.887844681512742,6.5866973489609775
2026-09-08 13:14:10.975685,2026-09-10 18:00:00,aqi_t+48h,2,73.20789186714305,rf,19,,0.2275452325799033,6.967157970987222,9.460758550433289
2026-09-08 13:14:10.975685,2026-09-11 18:00:00,aqi_t+72h,3,76.41365871765605,rf,18,,0.0570321670529104,7.489073420059618,10.51961333445418
2026-09-08 14:15:05.393031,2026-09-09 19:00:00,aqi_t+24h,1,68.65498352050781,nn,19,,0.623268470714225,4.887844681512742,6.5866973489609775
2026-09-08 14:15:05.393031,2026-09-10 19:00:00,aqi_t+48h,2,73.0486817751283,rf,19,,0.2275452325799033,6.967157970987222,9.460758550433289
2026-09-08 14:15:05.393031,2026-09-11 19:00:00,aqi_t+72h,3,76.07670478254438,rf,18,,0.0570321670529104,7.489073420059618,10.51961333445418
2026-09-08 15:23:27.658763,2026-09-09 20:00:00,aqi_t+24h,1,66.73741912841797,nn,19,,0.623268470714225,4.887844681512742,6.5866973489609775
2026-09-08 15:23:27.658763,2026-09-10 20:00:00,aqi_t+48h,2,72.31850658088433,rf,19,,0.2275452325799033,6.967157970987222,9.460758550433289
2026-09-08 15:23:27.658763,2026-09-11 20:00:00,aqi_t+72h,3,75.56544443758881,rf,18,,0.0570321670529104,7.489073420059618,10.51961333445418
2026-09-08 16:21:25.661639,2026-09-09 21:00:00,aqi_t+24h,1,66.6649398803711,nn,19,,0.623268470714225,4.887844681512742,6.5866973489609775
2026-09-08 16:21:25.661639,2026-09-10 21:00:00,aqi_t+48h,2,72.08854232600066,rf,19,,0.2275452325799033,6.967157970987222,9.460758550433289
2026-09-08 16:21:25.661639,2026-09-11 21:00:00,aqi_t+72h,3,75.07297629163806,rf,18,,0.0570321670529104,7.489073420059618,10.51961333445418
2026-09-08 17:22:20.855547,2026-09-09 22:00:00,aqi_t+24h,1,63.89604949951172,nn,19,,0.623268470714225,4.887844681512742,6.5866973489609775
2026-09-08 17:22:20.855547,2026-09-10 22:00:00,aqi_t+48h,2,71.86901884798402,rf,19,,0.2275452325799033,6.967157970987222,9.460758550433289
2026-09-08 17:22:20.855547,2026-09-11 22:00:00,aqi_t+72h,3,74.81644527810676,rf,18,,0.0570321670529104,7.489073420059618,10.51961333445418
2026-09-08 18:18:44.154919,2026-09-09 23:00:00,aqi_t+24h,1,65.21186065673828,nn,19,,0.623268470714225,4.887844681512742,6.5866973489609775
2026-09-08 18:18:44.154919,2026-09-10 23:00:00,aqi_t+48h,2,71.2038282161375,rf,19,,0.2275452325799033,6.967157970987222,9.460758550433289
2026-09-08 18:18:44.154919,2026-09-11 23:00:00,aqi_t+72h,3,74.63912131404237,rf,18,,0.0570321670529104,7.489073420059618,10.51961333445418
2026-09-08 19:15:02.838252,2026-09-10 00:00:00,aqi_t+24h,1,63.422176361083984,nn,19,,0.623268470714225,4.887844681512742,6.5866973489609775
2026-09-08 19:15:02.838252,2026-09-11 00:00:00,aqi_t+48h,2,70.69444261794084,rf,19,,0.2275452325799033,6.967157970987222,9.460758550433289
2026-09-08 19:15:02.838252,2026-09-12 00:00:00,aqi_t+72h,3,73.9562589534216,rf,18,,0.0570321670529104,7.489073420059618,10.51961333445418
2026-09-08 20:20:36.272896,2026-09-10 01:00:00,aqi_t+24h,1,65.38951036747518,ridge,20,,0.6128362307218704,4.880617094278782,6.695602284284732
2026-09-08 20:20:36.272896,2026-09-11 01:00:00,aqi_t+48h,2,69.10333192776997,rf,20,,0.2402991769379088,6.96026455257106,9.445857165594116
2026-09-08 20:20:36.272896,2026-09-12 01:00:00,aqi_t+72h,3,74.30282366676607,rf,19,,0.0812316113727914,7.382397969632448,10.33451225026501
2026-09-08 21:25:35.842916,2026-09-10 02:00:00,aqi_t+24h,1,65.26364476397343,ridge,20,,0.6128362307218704,4.880617094278782,6.695602284284732
2026-09-08 21:25:35.842916,2026-09-11 02:00:00,aqi_t+48h,2,68.52854381806455,rf,20,,0.2402991769379088,6.96026455257106,9.445857165594116
2026-09-08 21:25:35.842916,2026-09-12 02:00:00,aqi_t+72h,3,75.71830279889303,rf,19,,0.0812316113727914,7.382397969632448,10.33451225026501
2026-09-08 22:19:29.329706,2026-09-10 03:00:00,aqi_t+24h,1,65.56021330039658,ridge,20,,0.6128362307218704,4.880617094278782,6.695602284284732
2026-09-08 22:19:29.329706,2026-09-11 03:00:00,aqi_t+48h,2,69.43582996573718,rf,20,,0.2402991769379088,6.96026455257106,9.445857165594116
2026-09-08 22:19:29.329706,2026-09-12 03:00:00,aqi_t+72h,3,76.16571952437977,rf,19,,0.0812316113727914,7.382397969632448,10.33451225026501
