target_timestamp,horizon,feature_name,shap_value
2026-09-09 12:00:00,aqi_t+24h,pm2_5,-4.0574465831319655
2026-09-09 12:00:00,aqi_t+24h,pm10,0.0
2026-09-09 12:00:00,aqi_t+24h,carbon_monoxide,-1.1030385582967095
2026-09-09 12:00:00,aqi_t+24h,nitrogen_dioxide,0.0
2026-09-09 12:00:00,aqi_t+24h,sulphur_dioxide,0.0
2026-09-09 12:00:00,aqi_t+24h,ozone,0.0
2026-09-09 12:00:00,aqi_t+24h,us_aqi,-1.9680455683707632
2026-09-09 12:00:00,aqi_t+24h,temperature_2m,0.0
2026-09-09 12:00:00,aqi_t+24h,relative_humidity_2m,0.0
2026-09-09 12:00:00,aqi_t+24h,wind_speed_10m,-1.76369752099008
2026-09-09 12:00:00,aqi_t+24h,surface_pressure,-1.9258312002112987
2026-09-09 12:00:00,aqi_t+24h,precipitation,0.0
2026-09-09 12:00:00,aqi_t+24h,cloud_cover,0.0
2026-09-09 12:00:00,aqi_t+24h,is_weekday,0.0
2026-09-09 12:00:00,aqi_t+24h,aqi_change_rate_1h,0.0
2026-09-09 12:00:00,aqi_t+24h,aqi_change_rate_24h,-0.9538964198444039
2026-09-09 12:00:00,aqi_t+24h,rolling_mean_24h,0.0
2026-09-09 12:00:00,aqi_t+24h,rolling_std_24h,0.0
2026-09-09 12:00:00,aqi_t+24h,us_aqi_lag1,-1.4880937349206136
2026-09-09 12:00:00,aqi_t+24h,us_aqi_lag2,-0.9549325416067925
2026-09-09 12:00:00,aqi_t+24h,us_aqi_lag3,0.0
2026-09-09 12:00:00,aqi_t+24h,us_aqi_lag24,-0.9883625468633491
2026-09-09 12:00:00,aqi_t+24h,us_aqi_lag48,0.0
2026-09-09 12:00:00,aqi_t+24h,us_aqi_lag72,0.0
2026-09-09 12:00:00,aqi_t+24h,day_of_week_sin,0.0
2026-09-09 12:00:00,aqi_t+24h,day_of_week_cos,0.0
2026-09-09 12:00:00,aqi_t+24h,month_sin,0.0
2026-09-09 12:00:00,aqi_t+24h,month_cos,-1.1894778202708678
2026-09-09 12:00:00,aqi_t+24h,hour_sin,0.0
2026-09-09 12:00:00,aqi_t+24h,hour_cos,0.0
2026-09-09 12:00:00,aqi_t+24h,wind_direction_10m_sin,0.0
2026-09-09 12:00:00,aqi_t+24h,wind_direction_10m_cos,0.0
2026-09-10 12:00:00,aqi_t+48h,pm2_5,-2.5295707669457648
2026-09-10 12:00:00,aqi_t+48h,pm10,-0.07173109831652696
2026-09-10 12:00:00,aqi_t+48h,carbon_monoxide,-0.6320282170268811
2026-09-10 12:00:00,aqi_t+48h,nitrogen_dioxide,0.026568985035077274
2026-09-10 12:00:00,aqi_t+48h,sulphur_dioxide,-0.24233755037115798
2026-09-10 12:00:00,aqi_t+48h,ozone,-0.09929119088867594
2026-09-10 12:00:00,aqi_t+48h,dust,-0.40505038612436106
2026-09-10 12:00:00,aqi_t+48h,us_aqi,-2.6722817130620062
2026-09-10 12:00:00,aqi_t+48h,temperature_2m,-0.392521324353888
2026-09-10 12:00:00,aqi_t+48h,relative_humidity_2m,-0.2678313291221692
2026-09-10 12:00:00,aqi_t+48h,wind_speed_10m,-0.00016090104246998854
2026-09-10 12:00:00,aqi_t+48h,wind_direction_10m,-0.16090533542889993
2026-09-10 12:00:00,aqi_t+48h,surface_pressure,-0.8823980994986397
2026-09-10 12:00:00,aqi_t+48h,precipitation,-0.018885593538007204
2026-09-10 12:00:00,aqi_t+48h,cloud_cover,-0.08864200662614591
2026-09-10 12:00:00,aqi_t+48h,month,-1.3336746112031206
2026-09-10 12:00:00,aqi_t+48h,day_of_week,-0.08375860963924693
2026-09-10 12:00:00,aqi_t+48h,is_weekday,-0.004832310120782742
2026-09-10 12:00:00,aqi_t+48h,hour,-0.017820656285776625
2026-09-10 12:00:00,aqi_t+48h,aqi_change_rate_1h,-0.11044675921336995
2026-09-10 12:00:00,aqi_t+48h,aqi_change_rate_24h,-0.19700363660802256
2026-09-10 12:00:00,aqi_t+48h,rolling_mean_24h,-0.31181386003663314
2026-09-10 12:00:00,aqi_t+48h,rolling_std_24h,-0.6750300091474292
2026-09-10 12:00:00,aqi_t+48h,us_aqi_lag1,-1.8601057037975195
2026-09-10 12:00:00,aqi_t+48h,us_aqi_lag2,-1.4316381803501974
2026-09-10 12:00:00,aqi_t+48h,us_aqi_lag3,-0.7953620633683885
2026-09-10 12:00:00,aqi_t+48h,us_aqi_lag24,-0.6214097103224715
2026-09-10 12:00:00,aqi_t+48h,us_aqi_lag48,-0.3924271133521799
2026-09-10 12:00:00,aqi_t+48h,us_aqi_lag72,-0.18954959075950065
2026-09-10 12:00:00,aqi_t+48h,day_of_week_sin,-0.083103462616652
2026-09-10 12:00:00,aqi_t+48h,day_of_week_cos,-0.0025212540781935737
2026-09-10 12:00:00,aqi_t+48h,month_sin,-0.03480241541933562
2026-09-10 12:00:00,aqi_t+48h,month_cos,-2.185651561619055
2026-09-10 12:00:00,aqi_t+48h,hour_sin,-0.03730328206264208
2026-09-10 12:00:00,aqi_t+48h,hour_cos,-0.022717325131715167
2026-09-10 12:00:00,aqi_t+48h,wind_direction_10m_sin,-0.1337104429771296
2026-09-10 12:00:00,aqi_t+48h,wind_direction_10m_cos,0.09351401284385726
2026-09-11 12:00:00,aqi_t+72h,pm2_5,-0.587382978979033
2026-09-11 12:00:00,aqi_t+72h,pm10,-0.09785244725375236
2026-09-11 12:00:00,aqi_t+72h,carbon_monoxide,-0.5471631771819373
2026-09-11 12:00:00,aqi_t+72h,nitrogen_dioxide,0.02181465742313095
2026-09-11 12:00:00,aqi_t+72h,sulphur_dioxide,-0.1533955958370161
2026-09-11 12:00:00,aqi_t+72h,ozone,-0.046349487264083625
2026-09-11 12:00:00,aqi_t+72h,dust,-0.869227563941347
2026-09-11 12:00:00,aqi_t+72h,us_aqi,-1.5190967187944175
2026-09-11 12:00:00,aqi_t+72h,temperature_2m,-0.3141870088243051
2026-09-11 12:00:00,aqi_t+72h,relative_humidity_2m,-0.15697175816643585
2026-09-11 12:00:00,aqi_t+72h,wind_speed_10m,0.028084691089653346
2026-09-11 12:00:00,aqi_t+72h,wind_direction_10m,-0.14497715125194152
2026-09-11 12:00:00,aqi_t+72h,surface_pressure,-1.2736543753679066
2026-09-11 12:00:00,aqi_t+72h,precipitation,-0.04442041866401217
2026-09-11 12:00:00,aqi_t+72h,cloud_cover,-0.12712772750086077
2026-09-11 12:00:00,aqi_t+72h,month,-2.053691346903915
2026-09-11 12:00:00,aqi_t+72h,day_of_week,-0.09815886944222993
2026-09-11 12:00:00,aqi_t+72h,is_weekday,-0.029118985873655197
2026-09-11 12:00:00,aqi_t+72h,hour,-0.012939750427982977
2026-09-11 12:00:00,aqi_t+72h,aqi_change_rate_1h,-0.0360821595725341
2026-09-11 12:00:00,aqi_t+72h,aqi_change_rate_24h,-0.14621712766309564
2026-09-11 12:00:00,aqi_t+72h,rolling_mean_24h,-0.0363344923359248
2026-09-11 12:00:00,aqi_t+72h,rolling_std_24h,-0.30506711496497046
2026-09-11 12:00:00,aqi_t+72h,us_aqi_lag1,-1.30432365481547
2026-09-11 12:00:00,aqi_t+72h,us_aqi_lag2,-0.7006312720540612
2026-09-11 12:00:00,aqi_t+72h,us_aqi_lag3,-0.44642425575869255
2026-09-11 12:00:00,aqi_t+72h,us_aqi_lag24,-0.550952910923769
2026-09-11 12:00:00,aqi_t+72h,us_aqi_lag48,-0.3640084454082203
2026-09-11 12:00:00,aqi_t+72h,us_aqi_lag72,-0.1778844135970958
2026-09-11 12:00:00,aqi_t+72h,day_of_week_sin,-0.12574054851598424
2026-09-11 12:00:00,aqi_t+72h,day_of_week_cos,0.008873281059197973
2026-09-11 12:00:00,aqi_t+72h,month_sin,-0.45146565407348627
2026-09-11 12:00:00,aqi_t+72h,month_cos,-3.1467380369957993
2026-09-11 12:00:00,aqi_t+72h,hour_sin,-0.040829290153558254
2026-09-11 12:00:00,aqi_t+72h,hour_cos,-0.012614658359270763
2026-09-11 12:00:00,aqi_t+72h,wind_direction_10m_sin,-0.11025108357532665
2026-09-11 12:00:00,aqi_t+72h,wind_direction_10m_cos,0.026478744925445438
