Unnamed: 0,timestamp,pm2_5,pm10,carbon_monoxide,nitrogen_dioxide,sulphur_dioxide,ozone,dust,ammonia,us_aqi,temperature_2m,relative_humidity_2m,wind_speed_10m,wind_direction_10m,surface_pressure,precipitation,cloud_cover,city
0.0,2026-09-11 20:00:00,18.5,44.6,308.0,25.3,8.7,21.0,42.0,,82,26.9,82,7.0,228,1006.8,0.0,2,Karachi
2.0,2026-09-06 16:00:00,18.0,40.7,175.0,4.4,4.3,53.0,36.0,,69,28.9,71,18.4,237,1006.5,0.0,90,Karachi
3.0,2026-09-08 17:00:00,17.6,46.9,289.0,8.8,5.9,45.0,45.0,,64,28.5,76,14.0,216,1005.6,0.1,63,Karachi
4.0,2026-09-07 12:00:00,18.7,45.3,166.0,4.8,5.2,58.0,43.0,,64,29.1,72,19.1,246,1008.2,0.1,100,Karachi
5.0,2026-09-08 04:00:00,12.3,30.7,123.0,7.2,4.7,35.0,26.0,,64,25.5,93,11.4,243,1006.9,0.0,32,Karachi
6.0,2026-09-09 04:00:00,10.3,23.4,150.0,8.9,5.6,31.0,18.0,,61,25.2,97,6.6,249,1005.9,0.0,86,Karachi
7.0,2026-09-12 00:00:00,19.3,37.5,220.0,31.5,9.1,10.0,30.0,,81,26.1,85,7.5,303,1008.2,0.0,5,Karachi
12.0,2026-09-09 23:00:00,15.5,33.2,213.0,23.0,8.2,23.0,26.0,,70,26.7,87,9.6,240,1007.7,0.0,31,Karachi
18268.0,2026-09-11 02:00:00,18.2,32.9,226.0,35.5,9.4,6.0,24.0,,70,25.9,88,3.7,309,1007.6,0.0,88,Karachi
18269.0,2026-09-07 01:00:00,12.7,24.6,125.0,7.2,4.3,37.0,15.0,,64,25.9,91,13.3,257,1008.8,0.0,48,Karachi
18270.0,2026-09-10 06:00:00,18.2,36.9,262.0,24.0,9.9,17.0,31.0,,76,25.3,93,5.3,252,1006.9,0.0,16,Karachi
18271.0,2026-09-06 13:00:00,21.2,52.9,142.0,2.7,4.4,62.0,47.0,,68,29.7,66,17.1,243,1007.6,0.0,98,Karachi
18272.0,2026-09-10 07:00:00,22.2,38.3,369.0,24.1,11.4,19.0,34.0,,76,25.6,91,5.4,244,1007.4,0.0,8,Karachi
18273.0,2026-09-10 16:00:00,21.7,61.0,295.0,6.1,8.0,80.0,66.0,,75,28.9,73,12.7,196,1005.5,0.0,9,Karachi
18274.0,2026-09-07 03:00:00,12.0,23.9,102.0,5.3,3.9,39.0,15.0,,64,25.8,91,12.8,254,1007.5,0.0,39,Karachi
18276.0,2026-09-10 08:00:00,20.1,44.8,428.0,22.7,12.2,25.0,39.0,,77,26.9,83,5.1,231,1008.1,0.0,13,Karachi
18280.0,2026-09-06 09:00:00,18.8,44.7,208.0,6.5,5.3,47.0,35.0,,68,28.3,74,16.4,261,1008.6,0.0,38,Karachi
18282.0,2026-09-10 02:00:00,13.3,31.2,174.0,14.6,6.8,30.0,26.0,,70,25.8,93,6.9,264,1006.8,0.0,29,Karachi
18283.0,2026-09-10 19:00:00,16.6,44.2,292.0,19.7,8.5,33.0,45.0,,74,27.1,81,9.9,215,1006.4,0.0,7,Karachi
18287.0,2026-09-08 15:00:00,16.0,39.5,237.0,5.0,5.5,58.0,40.0,,62,29.5,71,14.2,215,1006.0,0.0,52,Karachi
18288.0,2026-09-06 12:00:00,21.5,53.9,137.0,2.9,4.5,61.0,50.0,,68,29.7,66,16.5,248,1008.3,0.0,100,Karachi
18291.0,2026-09-09 07:00:00,18.0,46.6,343.0,14.3,9.0,28.0,48.0,,64,25.6,92,7.8,230,1006.7,0.0,22,Karachi
18292.0,2026-09-10 22:00:00,15.7,31.0,242.0,32.2,10.0,9.0,26.0,,71,26.9,81,8.0,222,1008.1,0.0,23,Karachi
18293.0,2026-09-06 20:00:00,13.5,24.4,173.0,12.3,4.9,35.0,14.0,,66,27.0,84,15.2,239,1007.9,0.1,39,Karachi
18296.0,2026-09-08 18:00:00,16.9,45.4,293.0,12.7,6.2,37.0,39.0,,63,27.4,83,12.5,216,1005.9,0.0,52,Karachi
18297.0,2026-09-07 02:00:00,12.3,24.3,112.0,6.2,4.0,38.0,15.0,,64,25.8,92,12.4,256,1008.1,0.0,27,Karachi
18298.0,2026-09-11 04:00:00,29.8,58.0,292.0,38.8,13.1,0.0,48.0,,75,25.4,91,1.5,36,1007.5,0.0,52,Karachi
18300.0,2026-09-07 10:00:00,19.3,45.8,203.0,7.9,5.7,46.0,36.0,,64,28.7,73,18.4,254,1008.8,0.0,95,Karachi
18303.0,2026-09-11 08:00:00,40.2,66.6,763.0,43.4,22.3,15.0,45.0,,81,26.4,83,2.3,321,1008.9,0.0,14,Karachi
18305.0,2026-09-07 00:00:00,13.3,25.6,143.0,8.4,4.6,37.0,15.0,,64,26.2,89,13.0,252,1009.4,0.0,55,Karachi
18306.0,2026-09-06 06:00:00,11.6,23.3,150.0,6.4,4.6,38.0,18.0,,69,25.8,90,13.2,267,1006.5,0.0,3,Karachi
18308.0,2026-09-09 18:00:00,21.4,56.6,290.0,11.3,6.9,52.0,58.0,,69,27.9,76,12.3,212,1005.3,0.0,26,Karachi
18311.0,2026-09-09 05:00:00,14.6,34.5,177.0,12.2,6.7,26.0,31.0,,63,25.1,97,6.8,235,1006.1,0.0,43,Karachi
18312.0,2026-09-06 04:00:00,12.3,24.3,108.0,6.5,4.1,36.0,15.0,,70,25.9,90,13.2,267,1006.5,0.0,88,Karachi
18313.0,2026-09-11 03:00:00,18.7,34.6,251.0,36.1,9.8,5.0,27.0,,70,25.7,89,3.1,329,1007.4,0.0,46,Karachi
18314.0,2026-09-10 05:00:00,17.7,37.0,182.0,24.3,8.8,16.0,30.0,,76,25.5,93,5.6,248,1007.0,0.0,27,Karachi
18318.0,2026-09-08 21:00:00,12.8,26.0,253.0,21.9,7.0,21.0,18.0,,63,26.5,88,11.6,224,1007.3,0.0,6,Karachi
18320.0,2026-09-11 16:00:00,23.4,54.7,315.0,7.0,9.1,88.0,50.0,,82,29.4,67,11.7,209,1006.1,0.0,66,Karachi
18321.0,2026-09-11 06:00:00,35.2,68.0,508.0,41.8,17.7,2.0,50.0,,77,24.8,93,2.5,98,1007.7,0.0,56,Karachi
18322.0,2026-09-10 15:00:00,21.0,54.1,265.0,4.9,8.2,87.0,55.0,,75,29.6,68,12.3,194,1005.8,0.0,4,Karachi
18323.0,2026-09-11 05:00:00,31.8,62.6,362.0,39.3,14.9,1.0,52.0,,76,25.2,92,1.6,63,1007.8,0.0,45,Karachi
18327.0,2026-09-10 00:00:00,14.7,30.3,197.0,21.0,7.8,24.0,24.0,,70,26.4,89,7.7,254,1007.3,0.0,15,Karachi
18328.0,2026-09-07 11:00:00,19.4,46.7,171.0,6.0,5.4,52.0,41.0,,64,29.4,69,18.7,252,1008.8,0.1,100,Karachi
18329.0,2026-09-06 15:00:00,19.6,46.1,160.0,3.7,4.3,58.0,40.0,,68,29.2,71,17.4,237,1006.5,0.0,91,Karachi
18330.0,2026-09-11 22:00:00,18.6,40.2,249.0,31.3,9.3,11.0,35.0,,81,26.6,85,6.2,244,1007.9,0.0,9,Karachi
18331.0,2026-09-06 22:00:00,13.6,25.6,165.0,10.8,5.0,35.0,14.0,,65,26.4,89,14.7,245,1009.2,0.0,21,Karachi
18333.0,2026-09-11 09:00:00,24.1,63.1,662.0,33.7,20.2,39.0,50.0,,82,28.0,73,3.7,241,1009.1,0.0,27,Karachi
18335.0,2026-09-07 14:00:00,19.3,46.8,185.0,3.6,4.8,64.0,42.0,,63,28.7,76,19.0,241,1006.6,0.1,98,Karachi
18336.0,2026-09-07 07:00:00,13.2,25.6,225.0,9.5,5.5,35.0,22.0,,65,26.1,90,13.3,260,1007.9,0.0,52,Karachi
18337.0,2026-09-11 11:00:00,25.3,62.9,314.0,9.1,13.0,95.0,62.0,,83,30.0,64,8.6,196,1009.1,0.0,31,Karachi
18340.0,2026-09-11 18:00:00,20.3,49.6,338.0,14.4,8.5,51.0,46.0,,82,27.9,73,9.7,223,1006.1,0.0,16,Karachi
18341.0,2026-09-06 01:00:00,11.5,21.2,143.0,8.9,4.1,35.0,12.0,,65,26.1,88,12.2,269,1007.4,0.0,14,Karachi
18348.0,2026-09-08 10:00:00,17.4,42.3,247.0,8.4,6.2,46.0,32.0,,63,28.3,75,15.4,234,1008.8,0.0,98,Karachi
18349.0,2026-09-11 21:00:00,18.3,41.6,276.0,28.8,9.0,14.0,39.0,,81,26.7,84,7.1,214,1007.3,0.0,8,Karachi
18351.0,2026-09-08 08:00:00,13.9,33.8,315.0,12.0,6.4,33.0,31.0,,64,26.9,85,14.8,236,1008.0,0.0,37,Karachi
18352.0,2026-09-08 02:00:00,12.7,29.5,142.0,9.8,5.0,33.0,25.0,,63,26.0,91,11.8,246,1007.3,0.0,24,Karachi
18354.0,2026-09-10 20:00:00,15.2,37.3,276.0,25.1,9.0,20.0,36.0,,73,27.0,81,9.3,212,1007.0,0.0,9,Karachi
18355.0,2026-09-09 02:00:00,10.4,22.3,149.0,10.0,5.3,32.0,16.0,,61,25.5,95,8.4,255,1006.5,0.0,28,Karachi
18358.0,2026-09-08 00:00:00,13.9,31.1,179.0,13.1,5.5,31.0,25.0,,63,26.2,90,12.1,247,1007.8,0.0,41,Karachi
18359.0,2026-09-06 23:00:00,13.7,26.3,157.0,9.5,4.9,36.0,15.0,,64,26.2,89,13.4,250,1009.3,0.0,65,Karachi
18361.0,2026-09-08 01:00:00,13.4,30.4,158.0,11.4,5.2,32.0,25.0,,63,25.9,92,12.1,247,1007.7,0.0,79,Karachi
18363.0,2026-09-06 02:00:00,11.3,21.4,123.0,7.4,3.9,36.0,12.0,,64,25.9,90,12.8,268,1006.7,0.0,28,Karachi
18364.0,2026-09-09 01:00:00,11.0,22.0,168.0,12.9,5.7,29.0,14.0,,62,25.8,93,9.3,242,1007.0,0.0,36,Karachi
18365.0,2026-09-06 10:00:00,21.0,50.5,171.0,4.7,5.0,54.0,43.0,,68,29.3,68,16.6,258,1008.9,0.0,52,Karachi
18366.0,2026-09-08 13:00:00,16.2,37.1,203.0,4.6,5.6,61.0,35.0,,63,28.9,75,15.4,217,1007.5,0.0,30,Karachi
18367.0,2026-09-09 16:00:00,25.4,67.8,279.0,6.3,6.8,75.0,69.0,,68,28.9,70,13.2,209,1005.0,0.0,5,Karachi
18369.0,2026-09-07 17:00:00,22.6,62.4,238.0,8.2,4.7,43.0,61.0,,63,27.9,79,18.4,244,1005.8,0.1,98,Karachi
18370.0,2026-09-09 20:00:00,20.3,51.0,264.0,18.0,7.4,32.0,48.0,,70,27.4,79,10.4,222,1006.6,0.0,45,Karachi
18371.0,2026-09-06 11:00:00,21.4,52.9,143.0,3.4,4.7,59.0,49.0,,68,29.8,65,16.5,252,1008.9,0.0,100,Karachi
18372.0,2026-09-09 12:00:00,22.5,61.7,221.0,6.2,7.1,66.0,68.0,,65,30.2,64,11.3,213,1007.0,0.0,98,Karachi
18373.0,2026-09-09 19:00:00,19.9,51.1,278.0,14.9,7.2,41.0,53.0,,70,27.5,79,10.9,219,1005.7,0.0,30,Karachi
18375.0,2026-09-08 23:00:00,12.6,23.2,225.0,19.9,6.9,23.0,13.0,,62,26.2,90,10.8,240,1007.7,0.0,14,Karachi
18377.0,2026-09-07 19:00:00,14.9,32.0,227.0,12.7,5.3,35.0,32.0,,63,27.0,83,14.3,226,1006.0,0.0,62,Karachi
18382.0,2026-09-10 09:00:00,19.0,52.9,392.0,18.3,11.8,38.0,48.0,,77,28.1,75,6.6,213,1008.7,0.0,27,Karachi
18383.0,2026-09-10 23:00:00,16.5,31.0,229.0,34.4,10.3,7.0,23.0,,71,26.7,83,7.1,246,1008.3,0.0,23,Karachi
18384.0,2026-09-07 16:00:00,17.3,41.2,224.0,6.4,4.6,49.0,61.0,,63,28.4,77,18.9,240,1005.8,0.1,90,Karachi
18385.0,2026-09-10 10:00:00,20.5,59.8,308.0,12.5,10.7,55.0,58.0,,77,29.0,70,8.4,208,1009.0,0.0,35,Karachi
18386.0,2026-09-09 17:00:00,22.9,61.0,293.0,8.3,6.8,63.0,63.0,,69,28.6,71,12.6,211,1005.0,0.0,34,Karachi
18392.0,2026-09-07 13:00:00,19.0,48.0,173.0,3.8,5.0,62.0,43.0,,63,29.2,73,19.2,242,1007.5,0.1,100,Karachi
18394.0,2026-09-06 00:00:00,11.7,21.1,169.0,10.8,4.4,33.0,11.0,,65,26.3,87,13.0,267,1007.9,0.0,23,Karachi
18395.0,2026-09-10 03:00:00,13.0,31.5,164.0,13.2,6.8,30.0,26.0,,70,25.8,93,6.5,262,1006.5,0.0,11,Karachi
18396.0,2026-09-06 05:00:00,11.7,23.3,116.0,6.0,4.2,37.0,15.0,,69,25.9,89,13.5,273,1006.7,0.0,26,Karachi
18397.0,2026-09-11 00:00:00,17.3,32.1,220.0,35.4,10.0,6.0,22.0,,70,26.5,85,4.9,264,1008.1,0.0,41,Karachi
18398.0,2026-09-06 03:00:00,11.3,22.1,112.0,6.4,3.8,36.0,12.0,,64,25.8,91,13.0,268,1006.4,0.0,41,Karachi
18399.0,2026-09-07 04:00:00,13.1,28.0,98.0,4.6,3.9,39.0,20.0,,65,25.9,90,13.1,252,1007.5,0.0,100,Karachi
18405.0,2026-09-06 21:00:00,12.8,23.5,169.0,12.1,5.0,34.0,13.0,,65,26.7,87,15.1,238,1008.6,0.0,27,Karachi
18409.0,2026-09-08 09:00:00,15.7,38.1,297.0,10.8,6.4,38.0,32.0,,64,27.8,78,14.7,234,1008.5,0.1,100,Karachi
18410.0,2026-09-06 19:00:00,15.3,30.5,178.0,10.6,4.7,39.0,18.0,,67,27.1,81,15.4,243,1007.4,0.0,80,Karachi
18411.0,2026-09-08 11:00:00,16.5,39.1,210.0,6.4,6.0,52.0,33.0,,63,28.5,75,16.1,230,1008.8,0.1,58,Karachi
18414.0,2026-09-07 08:00:00,14.6,31.8,264.0,11.0,6.0,35.0,25.0,,64,27.0,83,17.1,258,1008.5,0.0,61,Karachi
18417.0,2026-09-11 15:00:00,25.8,56.9,279.0,5.5,10.1,116.0,49.0,,84,30.0,64,12.2,200,1006.5,0.0,41,Karachi
18418.0,2026-09-09 14:00:00,22.1,58.0,238.0,5.9,6.9,68.0,59.0,,66,29.7,66,14.1,207,1005.7,0.0,6,Karachi
18419.0,2026-09-11 14:00:00,27.3,60.1,259.0,4.9,10.7,127.0,52.0,,83,30.5,60,12.4,201,1006.8,0.0,4,Karachi
18420.0,2026-09-10 13:00:00,22.1,58.7,231.0,4.7,8.8,91.0,62.0,,76,30.2,64,12.4,199,1006.9,0.0,3,Karachi
18421.0,2026-09-07 22:00:00,13.4,30.7,213.0,15.0,5.8,30.0,21.0,,63,26.4,89,13.8,241,1008.0,0.0,73,Karachi
18422.0,2026-09-07 21:00:00,13.7,29.7,227.0,15.0,5.7,30.0,18.0,,63,26.4,89,14.3,236,1007.5,0.0,91,Karachi
18426.0,2026-09-08 07:00:00,12.4,27.2,270.0,10.9,6.0,32.0,29.0,,64,26.1,90,13.4,238,1007.3,0.0,59,Karachi
18427.0,2026-09-09 21:00:00,17.1,41.0,247.0,20.5,7.7,27.0,40.0,,70,27.3,80,11.5,224,1006.9,0.0,45,Karachi
18429.0,2026-09-08 16:00:00,16.9,44.0,267.0,6.7,5.6,51.0,44.0,,64,29.1,73,14.5,215,1005.6,0.0,59,Karachi
18430.0,2026-09-10 18:00:00,17.9,50.9,308.0,13.5,8.1,48.0,55.0,,74,27.6,78,10.0,206,1005.9,0.0,6,Karachi
18432.0,2026-09-11 10:00:00,23.3,62.6,466.0,19.7,16.2,69.0,57.0,,83,29.2,66,5.9,207,1009.2,0.0,23,Karachi
18434.0,2026-09-08 05:00:00,11.6,28.1,137.0,7.1,4.9,35.0,25.0,,64,25.7,93,11.7,238,1006.8,0.0,30,Karachi
18442.0,2026-09-08 20:00:00,13.1,28.9,287.0,20.9,6.8,23.0,23.0,,63,26.7,87,10.9,224,1006.9,0.0,22,Karachi
18446.0,2026-09-11 19:00:00,19.8,47.8,325.0,20.3,8.5,34.0,44.0,,82,27.0,80,8.4,227,1006.5,0.0,4,Karachi
18448.0,2026-09-11 13:00:00,28.0,62.4,253.0,4.5,11.1,124.0,56.0,,83,30.7,59,12.2,202,1007.4,0.0,17,Karachi
18449.0,2026-09-08 06:00:00,11.2,25.9,193.0,8.6,5.4,34.0,26.0,,64,25.9,91,12.8,235,1006.8,0.0,34,Karachi
18450.0,2026-09-10 11:00:00,21.2,60.1,244.0,7.9,9.7,70.0,65.0,,76,29.9,65,9.0,209,1009.2,0.0,55,Karachi
18451.0,2026-09-07 23:00:00,13.6,30.2,198.0,14.4,5.7,30.0,24.0,,63,26.3,89,12.6,244,1008.0,0.0,84,Karachi
18454.0,2026-09-11 17:00:00,21.6,51.7,338.0,9.7,8.6,68.0,48.0,,82,28.8,69,10.8,218,1006.0,0.0,11,Karachi
18455.0,2026-09-10 04:00:00,18.0,38.1,160.0,25.6,8.3,15.0,30.0,,76,25.6,93,6.0,245,1006.6,0.0,19,Karachi
18456.0,2026-09-11 12:00:00,27.3,63.3,262.0,5.1,11.7,112.0,61.0,,83,30.8,60,10.8,201,1008.1,0.0,57,Karachi
18457.0,2026-09-06 17:00:00,18.0,40.0,184.0,5.6,4.3,49.0,30.0,,69,28.3,75,19.8,238,1006.5,0.0,66,Karachi
18458.0,2026-09-09 22:00:00,16.2,36.1,229.0,22.5,8.1,24.0,32.0,,70,27.0,85,10.2,233,1007.4,0.0,24,Karachi
18459.0,2026-09-11 23:00:00,19.0,38.9,228.0,32.4,9.4,10.0,32.0,,81,26.3,86,7.8,283,1008.4,0.0,25,Karachi
18462.0,2026-09-09 03:00:00,10.3,22.9,144.0,9.0,5.3,32.0,17.0,,61,25.3,96,7.5,260,1006.2,0.0,30,Karachi
18464.0,2026-09-07 06:00:00,12.4,25.4,159.0,6.8,4.7,37.0,20.0,,65,25.8,91,13.8,258,1007.5,0.0,50,Karachi
18465.0,2026-09-09 06:00:00,15.5,36.7,250.0,13.1,7.7,26.0,38.0,,64,25.2,94,7.0,230,1006.2,0.0,19,Karachi
18466.0,2026-09-07 20:00:00,13.6,28.9,220.0,14.4,5.6,32.0,20.0,,63,26.3,89,15.1,232,1006.8,0.0,48,Karachi
18468.0,2026-09-07 05:00:00,12.5,26.1,110.0,4.9,4.1,39.0,19.0,,65,25.9,91,13.8,252,1007.5,0.0,45,Karachi
18470.0,2026-09-09 00:00:00,11.7,22.5,199.0,16.9,6.4,26.0,13.0,,62,25.9,92,10.2,249,1007.3,0.0,21,Karachi
18471.0,2026-09-09 08:00:00,18.9,52.9,395.0,14.4,9.7,32.0,56.0,,64,26.8,84,8.7,232,1007.3,0.0,37,Karachi
18472.0,2026-09-06 14:00:00,20.5,49.7,149.0,3.0,4.3,61.0,44.0,,68,29.6,69,17.0,237,1006.9,0.0,99,Karachi
18473.0,2026-09-06 08:00:00,14.6,32.9,224.0,7.6,5.4,41.0,27.0,,68,27.2,81,15.2,265,1008.0,0.0,16,Karachi
18475.0,2026-09-09 11:00:00,22.0,63.3,234.0,7.3,7.4,61.0,70.0,,65,29.1,72,10.6,215,1007.8,0.0,100,Karachi
18478.0,2026-09-10 14:00:00,21.9,57.2,243.0,4.6,8.5,94.0,58.0,,75,30.1,64,12.4,196,1006.3,0.0,2,Karachi
18479.0,2026-09-06 18:00:00,19.0,40.3,184.0,7.9,4.5,44.0,24.0,,68,27.8,77,17.5,238,1007.0,0.0,95,Karachi
18480.0,2026-09-10 21:00:00,14.9,32.9,260.0,29.0,9.5,13.0,30.0,,72,27.0,81,9.8,208,1007.6,0.0,13,Karachi
18482.0,2026-09-06 07:00:00,12.8,26.1,198.0,7.3,5.1,39.0,22.0,,69,26.1,88,13.3,267,1007.1,0.0,14,Karachi
18486.0,2026-09-10 01:00:00,13.8,29.0,183.0,17.5,7.2,28.0,25.0,,70,26.0,91,6.8,259,1007.1,0.0,30,Karachi
18492.0,2026-09-09 09:00:00,20.7,60.3,363.0,12.5,9.3,41.0,62.0,,64,28.1,75,8.9,228,1007.8,0.0,48,Karachi
18495.0,2026-09-09 15:00:00,21.5,56.3,256.0,6.3,6.8,66.0,61.0,,66,29.3,66,14.2,206,1005.1,0.0,1,Karachi
18497.0,2026-09-08 03:00:00,11.9,28.1,130.0,8.5,5.0,34.0,25.0,,63,25.7,92,11.3,243,1006.8,0.0,24,Karachi
18498.0,2026-09-07 15:00:00,18.4,42.8,202.0,4.3,4.7,60.0,38.0,,63,28.9,74,19.0,239,1006.0,0.1,96,Karachi
18499.0,2026-09-10 12:00:00,21.7,58.8,227.0,5.7,9.2,82.0,65.0,,76,30.4,61,10.4,206,1007.8,0.0,52,Karachi
18500.0,2026-09-08 22:00:00,12.7,24.4,241.0,21.4,7.0,22.0,15.0,,62,26.3,90,11.7,227,1007.6,0.0,27,Karachi
18502.0,2026-09-09 10:00:00,22.5,65.9,289.0,9.6,8.2,52.0,68.0,,65,29.0,71,9.2,223,1007.9,0.0,100,Karachi
18504.0,2026-09-08 19:00:00,14.8,36.9,289.0,17.5,6.5,29.0,31.0,,63,26.9,86,11.5,222,1006.4,0.0,24,Karachi
18510.0,2026-09-08 12:00:00,16.9,38.9,201.0,5.3,5.8,57.0,34.0,,63,28.9,73,16.8,226,1008.4,0.1,74,Karachi
18512.0,2026-09-07 18:00:00,17.8,40.3,236.0,10.4,5.0,38.0,50.0,,63,27.5,80,15.1,239,1005.4,0.0,92,Karachi
18517.0,2026-09-08 14:00:00,17.2,41.2,214.0,4.5,5.5,62.0,36.0,,63,29.8,71,14.7,215,1006.6,0.0,45,Karachi
18521.0,2026-09-11 07:00:00,42.7,72.4,682.0,44.8,21.0,5.0,46.0,,79,24.9,93,2.2,355,1008.2,0.0,68,Karachi
18522.0,2026-09-07 09:00:00,17.8,40.4,247.0,10.1,6.0,39.0,30.0,,64,28.1,76,18.3,255,1009.0,0.0,59,Karachi
18526.0,2026-09-09 13:00:00,22.3,59.0,227.0,5.8,7.0,68.0,62.0,,66,30.2,65,12.0,212,1006.3,0.0,69,Karachi
18527.0,2026-09-10 17:00:00,19.8,56.8,313.0,8.6,7.9,64.0,63.0,,75,28.4,75,11.0,204,1005.5,0.0,27,Karachi
18528.0,2026-09-11 01:00:00,17.9,32.4,215.0,35.5,9.5,6.0,22.0,,70,26.3,86,4.7,288,1008.0,0.0,84,Karachi
,2026-09-12 01:00:00,18.8,36.3,218.0,29.1,8.6,13.0,29.0,,80,25.7,86,6.1,315,1008.0,0.0,12,Karachi
