timestamp,aqi_change_rate_1h,aqi_change_rate_24h,carbon_monoxide,cloud_cover,day_of_week,day_of_week_cos,day_of_week_sin,dust,hour,hour_cos,hour_sin,is_weekday,month,month_cos,month_sin,nitrogen_dioxide,ozone,pm10,pm2_5,precipitation,relative_humidity_2m,rolling_mean_24h,rolling_std_24h,sulphur_dioxide,surface_pressure,temperature_2m,us_aqi,us_aqi_lag1,us_aqi_lag2,us_aqi_lag24,us_aqi_lag3,us_aqi_lag48,us_aqi_lag72,wind_direction_10m,wind_direction_10m_cos,wind_direction_10m_sin,wind_speed_10m
2025-02-01 21:00:00,4.0,17.0,818.0,0,5,-0.2225209339563146,-0.9749279121818236,43.0,21,0.7071067811865474,-0.7071067811865477,0,1,0.8660254037844387,0.49999999999999994,98.8,7.0,93.8,64.7,0.0,47,103.5,4.053983548150903,28.4,1014.9,19.0,114,110.0,107.0,97.0,106.0,93.0,75.0,336,0.913545457642601,-0.40673664307580015,8.7
2026-07-20 13:00:00,0.0,2.0,204.0,33,0,1.0,0.0,50.0,13,-0.9659258262890683,-0.2588190451025208,1,6,-1.0,1.2246467991473532e-16,6.2,65.0,49.6,20.7,0.0,68,70.375,0.8242255917675154,6.0,999.8,31.2,70,70.0,70.0,68.0,70.0,66.0,71.0,226,-0.6946583704589976,-0.7193398003386509,14.4
2024-11-01 16:00:00,-1.0,-7.0,348.0,0,4,-0.9009688679024191,-0.433883739117558,76.0,16,-0.5000000000000004,-0.8660254037844384,1,10,0.5000000000000001,-0.8660254037844386,12.0,112.0,66.4,26.7,0.0,39,103.79166666666667,3.3229003395586765,9.0,1010.9,33.2,96,97.0,98.0,103.0,99.0,121.0,105.0,267,-0.052335956242944306,-0.9986295347545738,21.1
2025-02-01 18:00:00,1.0,5.0,624.0,0,5,-0.2225209339563146,-0.9749279121818236,55.0,18,-1.8369701987210297e-16,-1.0,0,1,0.8660254037844387,0.49999999999999994,37.3,102.0,55.6,31.0,0.0,36,102.0,3.2570992696199585,22.5,1012.6,21.7,106,105.0,104.0,101.0,104.0,89.0,75.0,282,0.20791169081775857,-0.9781476007338058,9.7
2025-08-01 13:00:00,0.0,-5.0,208.0,53,4,-0.9009688679024191,-0.433883739117558,72.0,13,-0.9659258262890683,-0.2588190451025208,1,7,-0.8660254037844388,-0.4999999999999997,3.9,78.0,64.0,23.1,0.0,67,82.75,1.7003835884425744,11.8,1000.7,30.6,79,79.0,80.0,84.0,80.0,74.0,73.0,231,-0.6293203910498372,-0.7771459614569711,17.9
2026-01-20 09:00:00,-1.0,-2.0,1705.0,0,1,0.6234898018587336,0.7818314824680298,49.0,9,-0.7071067811865475,0.7071067811865476,1,0,1.0,0.0,36.0,31.0,68.7,45.2,0.0,68,109.41666666666667,3.670288066724116,21.5,1016.8,17.5,103,104.0,106.0,105.0,107.0,92.0,90.0,14,0.9702957262759965,0.24192189559966773,4.5
2025-02-01 22:00:00,3.0,20.0,857.0,0,5,-0.2225209339563146,-0.9749279121818236,31.0,22,0.8660254037844384,-0.5000000000000004,0,1,0.8660254037844387,0.49999999999999994,85.2,13.0,85.4,63.6,0.0,47,104.33333333333333,4.668736600972106,27.8,1015.3,18.8,117,114.0,110.0,97.0,107.0,94.0,75.0,360,1.0,-2.4492935982947064e-16,7.9
2026-08-20 04:00:00,0.0,-4.0,106.0,45,3,-0.900968867902419,0.43388373911755823,14.0,4,0.5000000000000001,0.8660254037844386,1,7,-0.8660254037844388,-0.4999999999999997,5.2,37.0,22.9,11.7,0.0,85,62.666666666666664,1.0072203103867892,4.1,1003.2,26.7,61,61.0,61.0,65.0,61.0,71.0,70.0,264,-0.10452846326765336,-0.9945218953682734,15.0
2025-04-01 05:00:00,0.0,1.0,307.0,0,1,0.6234898018587336,0.7818314824680298,47.0,5,0.25881904510252074,0.9659258262890683,1,3,6.123233995736766e-17,1.0,14.1,61.0,41.6,15.0,0.0,81,76.33333333333333,17.571386490212404,9.1,1008.1,22.2,69,69.0,69.0,68.0,69.0,79.0,96.0,308,0.6156614753256585,-0.7880107536067218,8.5
2024-09-03 03:00:00,0.0,2.0,303.0,94,1,0.6234898018587336,0.7818314824680298,49.0,3,0.7071067811865476,0.7071067811865475,1,8,-0.5000000000000004,-0.8660254037844384,29.8,10.0,38.3,13.8,0.0,95,62.25,0.8968544062963366,7.1,1002.8,25.6,62,62.0,62.0,60.0,62.0,55.0,59.0,297,0.45399049973954664,-0.891006524188368,9.7
2025-10-20 06:00:00,-1.0,-9.0,627.0,0,0,1.0,0.0,8.0,6,6.123233995736766e-17,1.0,1,9,-1.8369701987210297e-16,-1.0,23.9,61.0,23.8,18.6,0.0,59,95.08333333333333,17.113220586452794,13.1,1008.4,24.5,82,83.0,83.0,91.0,83.0,92.0,94.0,346,0.9702957262759965,-0.24192189559966787,8.9
2025-02-01 09:00:00,0.0,1.0,1070.0,0,5,-0.2225209339563146,-0.9749279121818236,77.0,9,-0.7071067811865475,0.7071067811865476,0,1,0.8660254037844387,0.49999999999999994,33.7,42.0,87.5,47.3,0.0,49,101.95833333333333,3.3294361275629343,17.5,1014.3,14.9,105,105.0,105.0,104.0,104.0,80.0,80.0,3,0.9986295347545738,0.05233595624294383,6.0
2026-05-20 20:00:00,1.0,4.0,287.0,0,2,-0.22252093395631434,0.9749279121818236,55.0,20,0.5000000000000001,-0.8660254037844386,1,4,-0.4999999999999998,0.8660254037844387,18.3,56.0,61.2,27.5,0.0,83,71.375,1.2790111669770954,6.2,1002.2,28.9,75,74.0,73.0,71.0,73.0,76.0,76.0,245,-0.42261826174069994,-0.9063077870366497,11.8
2025-12-20 15:00:00,0.0,19.0,1038.0,100,5,-0.2225209339563146,-0.9749279121818236,3.0,15,-0.7071067811865479,-0.7071067811865471,0,11,0.8660254037844384,-0.5000000000000004,10.7,161.0,36.8,35.2,0.0,31,143.66666666666666,9.048981046005046,38.8,1011.7,27.5,154,154.0,154.0,135.0,154.0,104.0,143.0,219,-0.7771459614569708,-0.6293203910498376,8.3
2026-03-20 08:00:00,2.0,28.0,2118.0,5,4,-0.9009688679024191,-0.433883739117558,36.0,8,-0.4999999999999998,0.8660254037844387,1,2,0.5000000000000001,0.8660254037844386,50.5,22.0,65.4,44.5,0.0,87,81.66666666666667,9.809785117829998,24.0,1011.9,20.6,98,96.0,95.0,70.0,94.0,76.0,69.0,148,-0.848048096156426,0.5299192642332049,1.7
2025-10-20 00:00:00,-1.0,-9.0,662.0,0,0,1.0,0.0,7.0,0,1.0,0.0,1,9,-1.8369701987210297e-16,-1.0,41.4,45.0,32.6,28.2,0.0,76,97.25,15.929873494953661,15.8,1008.9,25.8,85,86.0,86.0,94.0,103.0,94.0,88.0,331,0.8746197071393959,-0.4848096202463369,9.0
2026-01-20 05:00:00,-2.0,7.0,731.0,0,1,0.6234898018587336,0.7818314824680298,50.0,5,0.25881904510252074,0.9659258262890683,1,0,1.0,0.0,19.6,43.0,58.0,28.6,0.0,74,109.25,3.8476418526249283,10.4,1014.4,15.8,109,111.0,112.0,102.0,113.0,88.0,100.0,28,0.882947592858927,0.4694715627858908,3.9
2025-10-20 08:00:00,0.0,-9.0,1375.0,0,0,1.0,0.0,10.0,8,-0.4999999999999998,0.8660254037844387,1,9,-1.8369701987210297e-16,-1.0,46.1,47.0,35.2,30.0,0.0,41,94.33333333333333,17.529271585518135,17.9,1009.4,26.2,81,81.0,82.0,90.0,83.0,91.0,95.0,348,0.9781476007338056,-0.20791169081775987,7.7
2025-10-20 21:00:00,-23.0,-11.0,812.0,0,0,1.0,0.0,9.0,21,0.7071067811865474,-0.7071067811865477,1,9,-1.8369701987210297e-16,-1.0,57.9,37.0,33.6,27.9,0.0,51,89.04166666666667,15.023110216587268,17.1,1009.7,27.7,92,115.0,128.0,103.0,127.0,122.0,118.0,3,0.9986295347545738,0.05233595624294383,3.1
2025-04-01 03:00:00,0.0,-1.0,215.0,0,1,0.6234898018587336,0.7818314824680298,42.0,3,0.7071067811865476,0.7071067811865475,1,3,6.123233995736766e-17,1.0,14.1,68.0,41.4,15.4,0.0,84,76.29166666666667,17.5907069503902,8.4,1008.2,22.6,69,69.0,69.0,70.0,69.0,82.0,92.0,323,0.7986355100472928,-0.6018150231520483,7.2
2025-12-20 03:00:00,3.0,17.0,812.0,100,5,-0.2225209339563146,-0.9749279121818236,3.0,3,0.7071067811865476,0.7071067811865475,0,11,0.8660254037844384,-0.5000000000000004,76.7,15.0,67.5,66.1,0.0,48,133.79166666666666,3.463840124161905,24.2,1013.1,21.2,144,141.0,138.0,127.0,135.0,126.0,139.0,6,0.9945218953682733,0.10452846326765346,3.3
2025-04-01 12:00:00,1.0,7.0,375.0,0,1,0.6234898018587336,0.7818314824680298,125.0,12,-1.0,1.2246467991473532e-16,1,3,6.123233995736766e-17,1.0,12.6,163.0,102.2,33.8,0.0,30,77.58333333333333,16.903605652581426,31.3,1009.7,33.3,72,71.0,71.0,65.0,70.0,77.0,99.0,230,-0.6427876096865395,-0.7660444431189779,5.9
2026-05-20 17:00:00,1.0,1.0,276.0,0,2,-0.22252093395631434,0.9749279121818236,104.0,17,-0.25881904510252063,-0.9659258262890683,1,4,-0.4999999999999998,0.8660254037844387,8.0,92.0,92.2,32.4,0.0,63,71.04166666666667,0.7506036218513288,5.2,1001.7,31.6,73,72.0,72.0,72.0,72.0,77.0,77.0,253,-0.2923717047227371,-0.9563047559630353,15.8
2025-12-20 22:00:00,0.0,22.0,2382.0,99,5,-0.2225209339563146,-0.9749279121818236,3.0,22,0.8660254037844384,-0.5000000000000004,0,11,0.8660254037844384,-0.5000000000000004,79.4,31.0,67.1,65.0,0.0,72,149.70833333333334,6.570548032638639,30.2,1013.3,22.2,154,154.0,154.0,132.0,154.0,113.0,142.0,291,0.35836794954529955,-0.9335804264972021,5.4
2025-04-01 01:00:00,0.0,-4.0,382.0,0,1,0.6234898018587336,0.7818314824680298,27.0,1,0.9659258262890683,0.25881904510252074,1,3,6.123233995736766e-17,1.0,22.9,63.0,31.2,17.5,0.0,84,76.41666666666667,17.542288449856937,9.1,1009.1,23.5,69,69.0,69.0,73.0,69.0,85.0,87.0,331,0.8746197071393959,-0.4848096202463369,8.2
2024-11-01 10:00:00,-1.0,1.0,550.0,0,4,-0.9009688679024191,-0.433883739117558,84.0,10,-0.8660254037844387,0.49999999999999994,1,10,0.5000000000000001,-0.8660254037844386,22.4,82.0,79.4,30.4,0.0,53,104.875,1.454004963799698,11.4,1014.3,31.4,104,105.0,106.0,103.0,106.0,121.0,97.0,285,0.25881904510252113,-0.9659258262890682,8.4
2025-06-01 20:00:00,1.0,-1.0,431.0,18,6,0.6234898018587334,-0.7818314824680299,132.0,20,0.5000000000000001,-0.8660254037844386,0,5,-0.8660254037844387,0.49999999999999994,23.9,52.0,101.5,29.7,0.0,74,98.20833333333333,1.0206207261524822,8.9,996.1,30.8,100,99.0,99.0,101.0,98.0,109.0,95.0,233,-0.6018150231520483,-0.7986355100472928,12.2
2026-07-20 03:00:00,0.0,6.0,127.0,74,0,1.0,0.0,34.0,3,0.7071067811865476,0.7071067811865475,1,6,-1.0,1.2246467991473532e-16,5.7,47.0,36.7,15.3,0.0,88,68.79166666666667,1.9995470501679156,4.5,999.5,27.4,71,71.0,71.0,65.0,71.0,68.0,72.0,247,-0.3907311284892738,-0.9205048534524403,10.6
2026-05-20 15:00:00,0.0,0.0,237.0,4,2,-0.22252093395631434,0.9749279121818236,86.0,15,-0.7071067811865479,-0.7071067811865471,1,4,-0.4999999999999998,0.8660254037844387,4.8,108.0,77.3,27.8,0.0,59,71.0,0.6593804734222541,5.4,1002.4,32.8,72,72.0,71.0,72.0,71.0,77.0,77.0,244,-0.43837114678907774,-0.8987940462991668,16.7
2026-03-20 12:00:00,1.0,30.0,310.0,0,4,-0.9009688679024191,-0.433883739117558,149.0,12,-1.0,1.2246467991473532e-16,1,2,0.5000000000000001,0.8660254037844386,5.6,126.0,113.4,32.9,0.0,53,86.66666666666667,9.85400676249934,26.0,1012.3,26.8,100,99.0,99.0,70.0,99.0,78.0,68.0,199,-0.9455185755993167,-0.32556815445715676,6.5
2026-05-20 05:00:00,0.0,-2.0,152.0,18,2,-0.22252093395631434,0.9749279121818236,32.0,5,0.25881904510252074,0.9659258262890683,1,4,-0.4999999999999998,0.8660254037844387,5.9,58.0,37.3,16.7,0.0,90,71.54166666666667,1.0623667862091957,4.4,1002.4,27.9,71,71.0,70.0,73.0,70.0,77.0,73.0,256,-0.24192189559966779,-0.9702957262759965,13.0
2026-08-20 17:00:00,0.0,-1.0,255.0,82,3,-0.900968867902419,0.43388373911755823,31.0,17,-0.25881904510252063,-0.9659258262890683,1,7,-0.8660254037844388,-0.4999999999999997,8.1,43.0,38.4,16.4,0.2,72,61.5,0.7801894976262358,4.6,1002.8,29.0,62,62.0,61.0,63.0,61.0,68.0,70.0,233,-0.6018150231520483,-0.7986355100472928,17.5
2026-07-20 10:00:00,-1.0,2.0,251.0,98,0,1.0,0.0,54.0,10,-0.8660254037844387,0.49999999999999994,1,6,-1.0,1.2246467991473532e-16,8.3,61.0,56.8,21.9,0.1,77,70.125,1.1539158284589368,7.1,1000.7,29.4,70,71.0,71.0,68.0,71.0,67.0,70.0,240,-0.5000000000000004,-0.8660254037844384,14.0
2025-10-20 20:00:00,-13.0,-11.0,686.0,0,0,1.0,0.0,9.0,20,0.5000000000000001,-0.8660254037844386,1,9,-1.8369701987210297e-16,-1.0,49.1,54.0,32.2,27.1,0.0,50,89.5,15.282840619182105,16.1,1009.1,28.1,115,128.0,127.0,126.0,112.0,147.0,140.0,311,0.656059028990507,-0.7547095802227722,5.0
2026-08-20 15:00:00,0.0,-2.0,213.0,90,3,-0.900968867902419,0.43388373911755823,31.0,15,-0.7071067811865479,-0.7071067811865471,1,7,-0.8660254037844388,-0.4999999999999997,5.1,53.0,39.5,17.0,0.1,68,61.583333333333336,0.880546602328891,4.6,1003.0,29.9,61,61.0,61.0,63.0,61.0,69.0,70.0,231,-0.6293203910498372,-0.7771459614569711,16.4
2026-08-20 00:00:00,-1.0,-5.0,162.0,100,3,-0.900968867902419,0.43388373911755823,9.0,0,1.0,0.0,1,7,-0.8660254037844388,-0.4999999999999997,8.7,37.0,19.6,11.7,0.0,80,63.416666666666664,1.1764599317643736,4.5,1004.9,27.3,61,62.0,62.0,66.0,63.0,71.0,71.0,255,-0.25881904510252063,-0.9659258262890683,16.8
2025-10-20 15:00:00,0.0,-10.0,342.0,0,0,1.0,0.0,14.0,15,-0.7071067811865479,-0.7071067811865471,1,9,-1.8369701987210297e-16,-1.0,7.3,168.0,27.6,20.0,0.0,14,91.45833333333333,18.93462245560359,19.7,1007.0,36.1,79,79.0,79.0,89.0,79.0,93.0,96.0,284,0.24192189559966745,-0.9702957262759966,11.7
2025-06-01 23:00:00,1.0,3.0,384.0,59,6,0.6234898018587334,-0.7818314824680299,73.0,23,0.9659258262890681,-0.25881904510252157,0,5,-0.8660254037844387,0.49999999999999994,15.5,53.0,65.7,23.5,0.0,84,98.41666666666667,1.4116492564278997,9.1,997.4,29.5,102,101.0,101.0,99.0,100.0,107.0,97.0,165,-0.9659258262890682,0.258819045102521,13.6
2024-09-03 10:00:00,0.0,-1.0,232.0,34,1,0.6234898018587336,0.7818314824680298,137.0,10,-0.8660254037844387,0.49999999999999994,1,8,-0.5000000000000004,-0.8660254037844384,11.2,58.0,70.8,13.9,0.0,76,62.375,0.7696696072692227,11.1,1005.4,29.0,61,61.0,62.0,62.0,62.0,54.0,60.0,270,-1.8369701987210297e-16,-1.0,8.6
2026-05-20 21:00:00,1.0,5.0,266.0,1,2,-0.22252093395631434,0.9749279121818236,48.0,21,0.7071067811865474,-0.7071067811865477,1,4,-0.4999999999999998,0.8660254037844387,18.0,53.0,55.4,26.0,0.0,85,71.58333333333333,1.5857152183345569,6.1,1002.7,28.6,76,75.0,74.0,71.0,73.0,76.0,76.0,244,-0.43837114678907774,-0.8987940462991668,12.0
2026-07-20 21:00:00,0.0,0.0,227.0,99,0,1.0,0.0,56.0,21,0.7071067811865474,-0.7071067811865477,1,6,-1.0,1.2246467991473532e-16,15.3,40.0,54.8,24.3,0.1,83,70.58333333333333,0.5036101552225553,6.8,1000.3,28.3,71,71.0,70.0,71.0,70.0,64.0,71.0,220,-0.766044443118978,-0.6427876096865393,14.2
2024-11-01 14:00:00,-1.0,-5.0,279.0,0,4,-0.9009688679024191,-0.433883739117558,85.0,14,-0.8660254037844388,-0.4999999999999997,1,10,0.5000000000000001,-0.8660254037844386,7.0,143.0,70.1,27.7,0.0,37,104.33333333333333,2.478896435150914,10.9,1011.2,34.4,98,99.0,100.0,103.0,102.0,123.0,101.0,259,-0.19080899537654547,-0.9816271834476639,20.5
2026-07-20 11:00:00,0.0,2.0,219.0,98,0,1.0,0.0,52.0,11,-0.9659258262890682,0.258819045102521,1,6,-1.0,1.2246467991473532e-16,7.6,65.0,55.2,21.8,0.1,74,70.20833333333333,1.0623667862105854,6.8,1000.6,29.9,70,70.0,71.0,68.0,71.0,67.0,71.0,238,-0.529919264233205,-0.848048096156426,14.8
2025-06-01 12:00:00,0.0,0.0,238.0,85,6,0.6234898018587334,-0.7818314824680299,500.0,12,-1.0,1.2246467991473532e-16,0,5,-0.8660254037844387,0.49999999999999994,4.9,132.0,322.2,63.3,0.0,36,99.08333333333333,1.4421200175129683,15.2,998.0,36.5,98,98.0,97.0,98.0,97.0,105.0,86.0,233,-0.6018150231520483,-0.7986355100472928,16.6
2025-02-01 06:00:00,1.0,3.0,466.0,0,5,-0.2225209339563146,-0.9749279121818236,145.0,6,6.123233995736766e-17,1.0,0,1,0.8660254037844387,0.49999999999999994,33.1,18.0,118.0,46.6,0.0,63,101.70833333333333,3.1688588903029573,12.2,1011.6,13.0,104,103.0,102.0,101.0,100.0,79.0,82.0,353,0.992546151641322,-0.12186934340514811,8.4
2026-01-20 22:00:00,0.0,-19.0,2873.0,0,1,0.6234898018587336,0.7818314824680298,32.0,22,0.8660254037844384,-0.5000000000000004,1,0,1.0,0.0,64.4,18.0,57.3,38.1,0.0,61,103.375,6.983287502875543,18.2,1015.4,20.6,95,95.0,95.0,114.0,96.0,95.0,89.0,254,-0.2756373558169989,-0.961261695938319,4.5
2025-02-01 00:00:00,0.0,1.0,549.0,0,5,-0.2225209339563146,-0.9749279121818236,196.0,0,1.0,0.0,0,1,0.8660254037844387,0.49999999999999994,28.6,56.0,153.7,46.7,0.0,54,101.125,3.3662325735333223,11.1,1011.5,19.0,97,97.0,97.0,96.0,97.0,75.0,92.0,318,0.7431448254773942,-0.6691306063588581,5.4
2026-07-20 14:00:00,0.0,2.0,207.0,53,0,1.0,0.0,48.0,14,-0.8660254037844388,-0.4999999999999997,1,6,-1.0,1.2246467991473532e-16,5.9,64.0,54.5,22.6,0.0,68,70.45833333333333,0.6580053301685946,5.7,999.3,31.1,70,70.0,70.0,68.0,70.0,66.0,71.0,220,-0.766044443118978,-0.6427876096865393,14.8
2026-07-20 00:00:00,0.0,7.0,161.0,54,0,1.0,0.0,37.0,0,1.0,0.0,1,6,-1.0,1.2246467991473532e-16,9.2,43.0,40.4,16.9,0.0,82,67.95833333333333,2.293263606969965,5.8,1000.8,28.3,71,71.0,71.0,64.0,71.0,69.0,73.0,236,-0.5591929034707472,-0.8290375725550414,11.5
2026-07-20 23:00:00,1.0,1.0,195.0,99,0,1.0,0.0,38.0,23,0.9659258262890681,-0.25881904510252157,1,6,-1.0,1.2246467991473532e-16,14.5,40.0,47.6,22.7,0.0,82,70.625,0.5757792451694586,7.1,1001.1,28.3,72,71.0,71.0,71.0,71.0,64.0,70.0,229,-0.6560590289905076,-0.7547095802227717,12.1
2025-10-20 23:00:00,0.0,-8.0,990.0,0,0,1.0,0.0,10.0,23,0.9659258262890681,-0.25881904510252157,1,9,-1.8369701987210297e-16,-1.0,68.1,21.0,40.7,35.0,0.0,60,88.375,15.33059600645268,20.0,1010.1,26.3,78,78.0,92.0,86.0,115.0,95.0,94.0,336,0.913545457642601,-0.40673664307580015,8.1
2024-11-01 13:00:00,-1.0,-4.0,270.0,0,4,-0.9009688679024191,-0.433883739117558,85.0,13,-0.9659258262890683,-0.2588190451025208,1,10,0.5000000000000001,-0.8660254037844386,7.1,140.0,68.7,26.9,0.0,36,104.54166666666667,2.105462185474866,11.5,1011.9,34.5,99,100.0,102.0,103.0,104.0,123.0,99.0,257,-0.22495105434386525,-0.9743700647852351,17.9
2026-05-20 01:00:00,0.0,-5.0,166.0,19,2,-0.22252093395631434,0.9749279121818236,25.0,1,0.9659258262890683,0.25881904510252074,1,4,-0.4999999999999998,0.8660254037844387,9.5,49.0,34.0,16.4,0.0,91,72.08333333333333,1.212853862915089,4.6,1002.5,28.2,70,70.0,70.0,75.0,71.0,76.0,70.0,261,-0.15643446504023104,-0.9876883405951377,11.8
2024-09-03 15:00:00,1.0,-1.0,252.0,35,1,0.6234898018587336,0.7818314824680298,155.0,15,-0.7071067811865479,-0.7071067811865471,1,8,-0.5000000000000004,-0.8660254037844384,8.4,121.0,86.6,20.7,0.0,79,62.083333333333336,0.8805466023140749,11.3,1002.3,29.5,62,61.0,61.0,63.0,61.0,56.0,59.0,236,-0.5591929034707472,-0.8290375725550414,18.7
2026-08-20 05:00:00,0.0,-3.0,121.0,40,3,-0.900968867902419,0.43388373911755823,18.0,5,0.25881904510252074,0.9659258262890683,1,7,-0.8660254037844388,-0.4999999999999997,5.3,39.0,26.0,12.5,0.0,83,62.541666666666664,1.0206207261755604,4.3,1003.4,26.9,61,61.0,61.0,64.0,61.0,72.0,70.0,263,-0.12186934340514717,-0.9925461516413221,13.8
2026-08-20 11:00:00,0.0,-2.0,195.0,100,3,-0.900968867902419,0.43388373911755823,42.0,11,-0.9659258262890682,0.258819045102521,1,7,-0.8660254037844388,-0.4999999999999997,5.1,55.0,46.2,18.5,0.2,69,61.916666666666664,0.9743076322965195,4.9,1005.0,29.5,61,61.0,61.0,63.0,61.0,70.0,70.0,249,-0.3583679495453007,-0.9335804264972016,17.2
2025-12-20 13:00:00,0.0,19.0,1237.0,100,5,-0.2225209339563146,-0.9749279121818236,4.0,13,-0.9659258262890683,-0.2588190451025208,0,11,0.8660254037844384,-0.5000000000000004,16.2,162.0,41.1,39.0,0.0,29,142.08333333333334,8.747256298609836,49.1,1012.9,27.6,154,154.0,154.0,135.0,153.0,102.0,143.0,190,-0.984807753012208,-0.17364817766693047,6.0
2026-01-20 06:00:00,-2.0,4.0,1099.0,0,1,0.6234898018587336,0.7818314824680298,45.0,6,6.123233995736766e-17,1.0,1,0,1.0,0.0,27.5,31.0,56.3,29.2,0.0,74,109.41666666666667,3.646519086644026,11.8,1014.7,15.8,107,109.0,111.0,103.0,112.0,88.0,98.0,36,0.8090169943749475,0.5877852522924731,4.0
2025-04-01 21:00:00,-23.0,15.0,810.0,0,1,0.6234898018587336,0.7818314824680298,40.0,21,0.7071067811865474,-0.7071067811865477,1,3,6.123233995736766e-17,1.0,54.2,38.0,44.9,23.3,0.0,78,81.625,21.69314157295699,15.3,1007.7,25.9,99,122.0,134.0,84.0,132.0,124.0,112.0,264,-0.10452846326765336,-0.9945218953682734,5.2
2026-03-20 18:00:00,0.0,21.0,531.0,11,4,-0.9009688679024191,-0.433883739117558,74.0,18,-1.8369701987210297e-16,-1.0,1,2,0.5000000000000001,0.8660254037844386,16.1,97.0,62.6,23.3,0.0,67,92.91666666666667,7.424499202357579,18.4,1009.7,25.1,98,98.0,99.0,77.0,100.0,79.0,72.0,224,-0.7193398003386511,-0.6946583704589974,9.9
2026-03-20 15:00:00,0.0,27.0,311.0,0,4,-0.9009688679024191,-0.433883739117558,125.0,15,-0.7071067811865479,-0.7071067811865471,1,2,0.5000000000000001,0.8660254037844386,4.3,123.0,102.9,31.9,0.0,59,90.16666666666667,8.908553128347776,17.9,1009.9,26.3,100,100.0,100.0,73.0,100.0,78.0,68.0,214,-0.8290375725550418,-0.5591929034707467,12.4
2025-04-01 07:00:00,0.0,2.0,1156.0,0,1,0.6234898018587336,0.7818314824680298,40.0,7,-0.25881904510252063,0.9659258262890683,1,3,6.123233995736766e-17,1.0,38.3,36.0,61.0,24.6,0.0,82,76.45833333333333,17.510193718459657,14.0,1009.1,21.8,69,69.0,69.0,67.0,69.0,77.0,99.0,275,0.08715574274765789,-0.9961946980917455,3.8
2025-02-01 01:00:00,1.0,1.0,528.0,0,5,-0.2225209339563146,-0.9749279121818236,261.0,1,0.9659258262890683,0.25881904510252074,0,1,0.8660254037844387,0.49999999999999994,27.6,57.0,197.0,51.3,0.0,59,101.16666666666667,3.3188089359903596,10.8,1010.9,18.1,98,97.0,97.0,97.0,97.0,75.0,90.0,360,1.0,-2.4492935982947064e-16,2.3
2024-09-03 02:00:00,0.0,2.0,341.0,100,1,0.6234898018587336,0.7818314824680298,49.0,2,0.8660254037844387,0.49999999999999994,1,8,-0.5000000000000004,-0.8660254037844384,32.9,8.0,38.6,14.3,0.0,95,62.166666666666664,1.0072203103737682,7.0,1002.9,25.7,62,62.0,62.0,60.0,62.0,55.0,59.0,290,0.34202014332566816,-0.9396926207859085,9.6
2026-07-20 02:00:00,0.0,7.0,139.0,48,0,1.0,0.0,35.0,2,0.8660254037844387,0.49999999999999994,1,6,-1.0,1.2246467991473532e-16,6.5,46.0,38.8,15.9,0.1,87,68.54166666666667,2.0847096902906697,4.7,999.7,27.6,71,71.0,71.0,64.0,71.0,69.0,72.0,241,-0.48480962024633684,-0.874619707139396,10.7
2024-11-01 15:00:00,-1.0,-6.0,302.0,0,4,-0.9009688679024191,-0.433883739117558,82.0,15,-0.7071067811865479,-0.7071067811865471,1,10,0.5000000000000001,-0.8660254037844386,8.6,132.0,69.4,27.5,0.0,37,104.08333333333333,2.8880061824928935,10.0,1010.8,34.0,97,98.0,99.0,103.0,100.0,122.0,103.0,264,-0.10452846326765336,-0.9945218953682734,21.2
2026-01-20 19:00:00,-1.0,-15.0,1426.0,0,1,0.6234898018587336,0.7818314824680298,38.0,19,0.2588190451025203,-0.9659258262890684,1,0,1.0,0.0,40.3,61.0,52.2,31.1,0.0,58,105.625,6.819489334444145,18.4,1014.7,21.4,96,97.0,97.0,111.0,98.0,95.0,89.0,229,-0.6560590289905076,-0.7547095802227717,6.0
2025-12-20 16:00:00,0.0,19.0,912.0,100,5,-0.2225209339563146,-0.9749279121818236,3.0,16,-0.5000000000000004,-0.8660254037844384,0,11,0.8660254037844384,-0.5000000000000004,14.5,152.0,37.4,35.6,0.0,36,144.45833333333334,9.088832931565749,35.5,1011.4,26.7,154,154.0,154.0,135.0,154.0,105.0,143.0,235,-0.5735764363510464,-0.8191520442889916,8.5
2025-04-01 20:00:00,-12.0,16.0,904.0,0,1,0.6234898018587336,0.7818314824680298,42.0,20,0.5000000000000001,-0.8660254037844386,1,3,6.123233995736766e-17,1.0,43.9,55.0,47.0,23.6,0.0,76,81.0,21.384675537077822,14.0,1007.3,26.3,122,134.0,132.0,106.0,116.0,145.0,119.0,206,-0.8987940462991671,-0.43837114678907707,7.4
2026-01-20 15:00:00,-1.0,-10.0,372.0,0,1,0.6234898018587336,0.7818314824680298,61.0,15,-0.7071067811865479,-0.7071067811865471,1,0,1.0,0.0,4.9,132.0,66.4,31.7,0.0,39,107.83333333333333,5.677313101983798,23.7,1014.2,23.7,98,99.0,99.0,108.0,100.0,94.0,86.0,207,-0.8910065241883681,-0.45399049973954625,10.5
2026-01-20 10:00:00,-1.0,-3.0,1205.0,35,1,0.6234898018587336,0.7818314824680298,67.0,10,-0.8660254037844387,0.49999999999999994,1,0,1.0,0.0,23.5,64.0,74.7,38.3,0.0,56,109.29166666666667,3.8727494633375255,26.7,1017.1,20.6,102,103.0,104.0,105.0,106.0,93.0,87.0,28,0.882947592858927,0.4694715627858908,3.5
2024-09-03 14:00:00,0.0,-2.0,242.0,8,1,0.6234898018587336,0.7818314824680298,160.0,14,-0.8660254037844388,-0.4999999999999997,1,8,-0.5000000000000004,-0.8660254037844384,7.0,128.0,90.6,21.5,0.0,78,62.125,0.8998792189521397,11.8,1003.2,29.9,61,61.0,61.0,63.0,61.0,55.0,60.0,234,-0.5877852522924732,-0.8090169943749473,15.5
2026-03-20 20:00:00,-1.0,18.0,738.0,3,4,-0.9009688679024191,-0.433883739117558,44.0,20,0.5000000000000001,-0.8660254037844386,1,2,0.5000000000000001,0.8660254037844386,32.6,51.0,48.5,23.1,0.0,78,94.54166666666667,5.897524658825779,13.5,1010.5,23.7,97,98.0,98.0,79.0,98.0,80.0,67.0,239,-0.5150380749100545,-0.8571673007021121,9.2
2026-05-20 12:00:00,0.0,-1.0,207.0,0,2,-0.22252093395631434,0.9749279121818236,83.0,12,-1.0,1.2246467991473532e-16,1,4,-0.4999999999999998,0.8660254037844387,3.8,117.0,76.1,27.1,0.0,58,71.04166666666667,0.6902530517116187,5.9,1004.2,33.1,71,71.0,71.0,72.0,71.0,77.0,76.0,245,-0.42261826174069994,-0.9063077870366497,17.1
2025-02-01 13:00:00,0.0,-1.0,626.0,0,5,-0.2225209339563146,-0.9749279121818236,55.0,13,-0.9659258262890683,-0.2588190451025208,0,1,0.8660254037844387,0.49999999999999994,7.9,134.0,54.7,24.3,0.0,21,101.79166666666667,3.1619912089982787,16.9,1013.5,23.8,104,104.0,105.0,105.0,105.0,84.0,78.0,157,-0.9205048534524402,0.39073112848927416,5.1
2026-01-20 16:00:00,0.0,-11.0,314.0,0,1,0.6234898018587336,0.7818314824680298,57.0,16,-0.5000000000000004,-0.8660254037844384,1,0,1.0,0.0,5.1,127.0,62.4,30.3,0.0,44,107.375,6.0131197140618,22.8,1014.0,23.2,98,98.0,99.0,109.0,99.0,94.0,87.0,215,-0.819152044288992,-0.5735764363510458,9.8
2024-09-02 21:00:00,0.0,5.0,466.0,37,0,1.0,0.0,38.0,21,0.7071067811865474,-0.7071067811865477,1,8,-0.5000000000000004,-0.8660254037844384,39.3,2.0,35.9,14.2,0.0,91,61.625,1.555145736217704,6.9,1003.7,26.4,63,63.0,64.0,58.0,64.0,56.0,60.0,234,-0.5877852522924732,-0.8090169943749473,6.7
2025-12-20 10:00:00,1.0,20.0,1921.0,99,5,-0.2225209339563146,-0.9749279121818236,5.0,10,-0.8660254037844387,0.49999999999999994,0,11,0.8660254037844384,-0.5000000000000004,43.4,99.0,61.0,58.3,0.0,36,139.58333333333334,7.75111025240108,48.8,1015.1,23.7,153,152.0,152.0,133.0,151.0,105.0,145.0,29,0.8746197071393957,0.48480962024633706,1.9
2024-11-01 20:00:00,-1.0,-12.0,649.0,0,4,-0.9009688679024191,-0.433883739117558,48.0,20,0.5000000000000001,-0.8660254037844386,1,10,0.5000000000000001,-0.8660254037844386,34.9,40.0,54.5,26.7,0.0,82,101.875,4.998369299296334,5.2,1012.5,28.0,92,93.0,94.0,104.0,95.0,115.0,110.0,257,-0.22495105434386525,-0.9743700647852351,14.2
2026-03-20 19:00:00,0.0,21.0,667.0,3,4,-0.9009688679024191,-0.433883739117558,57.0,19,0.2588190451025203,-0.9659258262890684,1,2,0.5000000000000001,0.8660254037844386,25.7,71.0,50.9,23.1,0.0,74,93.79166666666667,6.6658061038784115,15.6,1009.9,24.1,98,98.0,98.0,77.0,99.0,80.0,70.0,231,-0.6293203910498372,-0.7771459614569711,9.2
2025-04-01 10:00:00,1.0,6.0,828.0,0,1,0.6234898018587336,0.7818314824680298,94.0,10,-0.8660254037844387,0.49999999999999994,1,3,6.123233995736766e-17,1.0,28.3,104.0,79.6,27.0,0.0,55,77.04166666666667,17.203334274056875,26.2,1010.4,28.7,71,70.0,70.0,65.0,69.0,76.0,101.0,246,-0.4067366430758001,-0.913545457642601,4.3
2026-05-20 22:00:00,0.0,5.0,236.0,16,2,-0.22252093395631434,0.9749279121818236,46.0,22,0.8660254037844384,-0.5000000000000004,1,4,-0.4999999999999998,0.8660254037844387,16.1,54.0,53.7,24.9,0.0,86,71.79166666666667,1.817288153243338,5.8,1003.3,28.5,76,76.0,75.0,71.0,74.0,76.0,76.0,244,-0.43837114678907774,-0.8987940462991668,13.2
2024-09-03 17:00:00,0.0,-1.0,259.0,69,1,0.6234898018587336,0.7818314824680298,157.0,17,-0.25881904510252063,-0.9659258262890683,1,8,-0.5000000000000004,-0.8660254037844384,12.9,92.0,88.0,20.1,0.0,80,62.0,0.8340576562320897,10.9,1002.4,28.5,62,62.0,62.0,63.0,61.0,57.0,57.0,244,-0.43837114678907774,-0.8987940462991668,18.8
2026-05-20 13:00:00,0.0,-1.0,211.0,2,2,-0.22252093395631434,0.9749279121818236,84.0,13,-0.9659258262890683,-0.2588190451025208,1,4,-0.4999999999999998,0.8660254037844387,3.6,117.0,78.0,27.4,0.0,56,71.0,0.6593804734222541,5.6,1003.6,33.3,71,71.0,71.0,72.0,71.0,77.0,76.0,243,-0.4539904997395469,-0.8910065241883678,17.4
2024-09-03 12:00:00,0.0,-1.0,226.0,77,1,0.6234898018587336,0.7818314824680298,164.0,12,-1.0,1.2246467991473532e-16,1,8,-0.5000000000000004,-0.8660254037844384,8.3,96.0,88.2,18.4,0.0,74,62.291666666666664,0.8586727202991173,12.3,1004.7,29.9,61,61.0,61.0,62.0,61.0,55.0,60.0,232,-0.6156614753256581,-0.7880107536067221,12.3
2025-04-01 18:00:00,16.0,13.0,613.0,0,1,0.6234898018587336,0.7818314824680298,64.0,18,-1.8369701987210297e-16,-1.0,1,3,6.123233995736766e-17,1.0,23.8,114.0,57.5,25.4,0.0,56,79.70833333333333,18.71637080824948,19.3,1006.4,28.9,132,116.0,90.0,119.0,75.0,158.0,112.0,229,-0.6560590289905076,-0.7547095802227717,11.4
2026-01-20 18:00:00,0.0,-14.0,841.0,0,1,0.6234898018587336,0.7818314824680298,43.0,18,-1.8369701987210297e-16,-1.0,1,0,1.0,0.0,22.2,94.0,49.7,26.7,0.0,52,106.25,6.582255461200947,19.6,1014.2,22.0,97,97.0,98.0,111.0,98.0,94.0,89.0,220,-0.766044443118978,-0.6427876096865393,7.0
2025-10-20 16:00:00,10.0,-7.0,397.0,0,0,1.0,0.0,13.0,16,-0.5000000000000004,-0.8660254037844384,1,9,-1.8369701987210297e-16,-1.0,11.6,156.0,27.2,19.9,0.0,16,91.16666666666667,18.915525407698606,19.3,1006.6,35.3,89,79.0,79.0,96.0,79.0,113.0,111.0,286,0.2756373558169994,-0.9612616959383188,14.8
2025-04-01 14:00:00,1.0,8.0,318.0,0,1,0.6234898018587336,0.7818314824680298,124.0,14,-0.8660254037844388,-0.4999999999999997,1,3,6.123233995736766e-17,1.0,7.2,187.0,101.3,34.3,0.0,29,78.20833333333333,16.587001633460364,30.8,1007.6,34.3,74,73.0,72.0,66.0,71.0,93.0,97.0,225,-0.7071067811865477,-0.7071067811865475,11.7
2025-10-20 07:00:00,-1.0,-9.0,1116.0,0,0,1.0,0.0,8.0,7,-0.25881904510252063,0.9659258262890683,1,9,-1.8369701987210297e-16,-1.0,38.7,47.0,28.9,23.5,0.0,54,94.70833333333333,17.32673020826946,15.4,1009.0,24.4,81,82.0,83.0,90.0,83.0,91.0,94.0,349,0.981627183447664,-0.19080899537654467,8.8
2024-11-01 04:00:00,0.0,0.0,150.0,80,4,-0.9009688679024191,-0.433883739117558,77.0,4,0.5000000000000001,0.8660254037844386,1,10,0.5000000000000001,-0.8660254037844386,26.3,30.0,72.6,32.5,0.0,99,104.625,1.438976085237283,6.0,1011.8,24.3,106,106.0,106.0,106.0,106.0,116.0,92.0,329,0.8571673007021121,-0.5150380749100545,11.5
2026-05-20 16:00:00,0.0,0.0,259.0,8,2,-0.22252093395631434,0.9749279121818236,85.0,16,-0.5000000000000004,-0.8660254037844384,1,4,-0.4999999999999998,0.8660254037844387,6.1,100.0,75.9,28.0,0.0,64,71.0,0.6593804734222541,5.4,1001.8,32.1,72,72.0,72.0,72.0,71.0,77.0,77.0,248,-0.3746065934159123,-0.9271838545667873,16.9
2025-12-20 21:00:00,0.0,22.0,1854.0,99,5,-0.2225209339563146,-0.9749279121818236,3.0,21,0.7071067811865474,-0.7071067811865477,0,11,0.8660254037844384,-0.5000000000000004,76.1,42.0,65.9,63.8,0.0,69,148.79166666666666,7.424865196644523,31.0,1013.4,22.9,154,154.0,154.0,132.0,154.0,111.0,142.0,293,0.3907311284892735,-0.9205048534524405,4.7
2026-08-20 18:00:00,-1.0,-2.0,251.0,63,3,-0.900968867902419,0.43388373911755823,29.0,18,-1.8369701987210297e-16,-1.0,1,7,-0.8660254037844388,-0.4999999999999997,9.8,41.0,37.4,16.8,0.1,75,61.416666666666664,0.7172815023793264,4.9,1003.1,28.3,61,62.0,62.0,63.0,61.0,68.0,70.0,239,-0.5150380749100545,-0.8571673007021121,17.2
2026-03-20 07:00:00,1.0,24.0,1717.0,6,4,-0.9009688679024191,-0.433883739117558,30.0,7,-0.25881904510252063,0.9659258262890683,1,2,0.5000000000000001,0.8660254037844386,54.9,13.0,66.6,38.3,0.0,93,80.5,9.440891630700902,21.6,1011.5,18.9,96,95.0,94.0,72.0,93.0,74.0,69.0,333,0.8910065241883678,-0.45399049973954697,1.2
2025-06-01 04:00:00,0.0,-7.0,152.0,42,6,0.6234898018587334,-0.7818314824680299,23.0,4,0.5000000000000001,0.8660254037844386,0,5,-0.8660254037844387,0.49999999999999994,3.7,71.0,37.4,16.6,0.0,78,100.16666666666667,1.6594044679909437,5.3,996.7,29.3,98,98.0,99.0,105.0,99.0,99.0,83.0,234,-0.5877852522924732,-0.8090169943749473,16.2
2025-10-20 12:00:00,-1.0,-10.0,309.0,0,0,1.0,0.0,22.0,12,-1.0,1.2246467991473532e-16,1,9,-1.8369701987210297e-16,-1.0,7.1,161.0,31.5,20.8,0.0,15,92.70833333333333,18.369348682370514,25.3,1009.4,35.3,79,80.0,80.0,89.0,80.0,92.0,96.0,320,0.7660444431189778,-0.6427876096865396,7.3
2025-02-01 14:00:00,0.0,-1.0,451.0,0,5,-0.2225209339563146,-0.9749279121818236,52.0,14,-0.8660254037844388,-0.4999999999999997,0,1,0.8660254037844387,0.49999999999999994,5.5,140.0,50.4,22.5,0.0,22,101.75,3.1242390377822806,15.8,1012.7,24.3,104,104.0,104.0,105.0,105.0,85.0,78.0,191,-0.981627183447664,-0.19080899537654472,5.7
2026-08-20 07:00:00,0.0,-3.0,236.0,49,3,-0.900968867902419,0.43388373911755823,28.0,7,-0.25881904510252063,0.9659258262890683,1,7,-0.8660254037844388,-0.4999999999999997,8.1,38.0,31.7,14.4,0.0,78,62.291666666666664,0.9990937923085813,5.0,1004.0,27.2,61,61.0,61.0,64.0,61.0,71.0,70.0,258,-0.2079116908177598,-0.9781476007338056,12.9
2026-05-20 23:00:00,1.0,7.0,208.0,26,2,-0.22252093395631434,0.9749279121818236,46.0,23,0.9659258262890681,-0.25881904510252157,1,4,-0.4999999999999998,0.8660254037844387,13.9,55.0,52.0,23.8,0.0,85,72.08333333333333,2.0624313778742254,5.5,1003.3,28.8,77,76.0,76.0,70.0,75.0,76.0,76.0,256,-0.24192189559966779,-0.9702957262759965,16.3
2026-03-20 09:00:00,1.0,30.0,1772.0,0,4,-0.9009688679024191,-0.433883739117558,67.0,9,-0.7071067811865475,0.7071067811865476,1,2,0.5000000000000001,0.8660254037844386,38.6,49.0,64.3,28.8,0.0,73,82.91666666666667,10.034361255063896,26.3,1012.4,23.1,99,98.0,96.0,69.0,95.0,78.0,69.0,186,-0.9945218953682734,-0.10452846326765305,1.8
2026-05-20 18:00:00,0.0,1.0,286.0,9,2,-0.22252093395631434,0.9749279121818236,90.0,18,-1.8369701987210297e-16,-1.0,1,4,-0.4999999999999998,0.8660254037844387,11.2,81.0,83.6,31.2,0.0,71,71.08333333333333,0.829702234019116,5.5,1001.5,30.4,73,73.0,72.0,72.0,72.0,77.0,76.0,252,-0.30901699437494756,-0.9510565162951535,14.6
2025-12-20 12:00:00,0.0,20.0,1309.0,99,5,-0.2225209339563146,-0.9749279121818236,5.0,12,-1.0,1.2246467991473532e-16,0,11,0.8660254037844384,-0.5000000000000004,25.6,154.0,48.2,45.8,0.0,30,141.29166666666666,8.47748510014236,56.0,1013.9,26.9,154,154.0,153.0,134.0,152.0,102.0,145.0,172,-0.9902680687415703,0.13917310096006574,3.8
2025-12-20 08:00:00,1.0,20.0,2653.0,84,5,-0.2225209339563146,-0.9749279121818236,3.0,8,-0.4999999999999998,0.8660254037844387,0,11,0.8660254037844384,-0.5000000000000004,58.4,17.0,73.8,71.9,0.0,51,137.91666666666666,6.858296573057317,23.8,1013.7,19.0,152,151.0,150.0,132.0,149.0,110.0,143.0,38,0.788010753606722,0.6156614753256582,4.1
2025-10-20 22:00:00,-14.0,-8.0,946.0,0,0,1.0,0.0,10.0,22,0.8660254037844384,-0.5000000000000004,1,9,-1.8369701987210297e-16,-1.0,65.3,27.0,36.6,30.6,0.0,53,88.70833333333333,15.181450829067073,19.0,1010.0,27.2,78,92.0,115.0,86.0,128.0,95.0,95.0,333,0.8910065241883678,-0.45399049973954697,6.0
2025-02-01 07:00:00,1.0,3.0,752.0,0,5,-0.2225209339563146,-0.9749279121818236,115.0,7,-0.25881904510252063,0.9659258262890683,0,1,0.8660254037844387,0.49999999999999994,37.8,11.0,105.9,46.6,0.0,67,101.83333333333333,3.239252016002095,14.1,1012.3,12.7,105,104.0,103.0,102.0,102.0,79.0,82.0,352,0.9902680687415703,-0.13917310096006588,8.0
2025-12-20 02:00:00,3.0,16.0,1143.0,100,5,-0.2225209339563146,-0.9749279121818236,3.0,2,0.8660254037844387,0.49999999999999994,0,11,0.8660254037844384,-0.5000000000000004,87.3,14.0,73.6,71.9,0.0,47,133.08333333333334,2.991533948040122,29.0,1013.4,21.8,141,138.0,135.0,125.0,133.0,130.0,138.0,15,0.9659258262890683,0.25881904510252074,2.8
2025-04-01 06:00:00,0.0,1.0,672.0,0,1,0.6234898018587336,0.7818314824680298,44.0,6,6.123233995736766e-17,1.0,1,3,6.123233995736766e-17,1.0,24.4,50.0,50.5,17.5,0.0,82,76.375,17.551941549980338,11.1,1008.5,21.6,69,69.0,69.0,68.0,69.0,78.0,97.0,303,0.5446390350150266,-0.8386705679454243,6.0
2024-09-03 11:00:00,0.0,-1.0,225.0,52,1,0.6234898018587336,0.7818314824680298,157.0,11,-0.9659258262890682,0.258819045102521,1,8,-0.5000000000000004,-0.8660254037844384,9.8,75.0,82.0,16.1,0.0,72,62.333333333333336,0.8164965809314949,12.0,1005.1,29.8,61,61.0,61.0,62.0,62.0,55.0,60.0,247,-0.3907311284892738,-0.9205048534524403,10.2
2026-08-20 09:00:00,0.0,-2.0,264.0,97,3,-0.900968867902419,0.43388373911755823,37.0,9,-0.7071067811865475,0.7071067811865476,1,7,-0.8660254037844388,-0.4999999999999997,8.1,44.0,46.0,18.5,0.0,73,62.083333333333336,0.9743076322965272,5.2,1004.4,28.6,61,61.0,61.0,63.0,61.0,71.0,70.0,256,-0.24192189559966779,-0.9702957262759965,17.8
2025-10-20 09:00:00,-1.0,-10.0,1176.0,0,0,1.0,0.0,15.0,9,-0.7071067811865475,0.7071067811865476,1,9,-1.8369701987210297e-16,-1.0,38.8,72.0,37.4,31.2,0.0,30,93.91666666666667,17.75415852490761,21.1,1010.0,29.4,80,81.0,81.0,90.0,82.0,91.0,95.0,339,0.9335804264972015,-0.35836794954530077,6.2
2024-11-01 21:00:00,-1.0,-14.0,650.0,0,4,-0.9009688679024191,-0.433883739117558,43.0,21,0.7071067811865474,-0.7071067811865477,1,10,0.5000000000000001,-0.8660254037844386,34.4,38.0,53.2,26.4,0.0,84,101.29166666666667,5.417196183703185,5.1,1013.1,27.7,91,92.0,93.0,105.0,94.0,113.0,111.0,256,-0.24192189559966779,-0.9702957262759965,14.6
2026-05-20 00:00:00,0.0,-5.0,190.0,16,2,-0.22252093395631434,0.9749279121818236,24.0,0,1.0,0.0,1,4,-0.4999999999999998,0.8660254037844387,12.0,45.0,34.0,16.8,0.0,90,72.29166666666667,1.2676293062269248,5.1,1003.0,28.5,70,70.0,71.0,75.0,71.0,76.0,69.0,258,-0.2079116908177598,-0.9781476007338056,11.2
2025-12-20 01:00:00,3.0,15.0,1600.0,100,5,-0.2225209339563146,-0.9749279121818236,3.0,1,0.9659258262890683,0.25881904510252074,0,11,0.8660254037844384,-0.5000000000000004,101.3,13.0,81.0,79.4,0.0,49,132.41666666666666,2.932822748704867,35.5,1013.3,22.0,138,135.0,133.0,123.0,132.0,133.0,138.0,43,0.7313537016191706,0.6819983600624985,4.5
2025-06-01 05:00:00,0.0,-6.0,177.0,66,6,0.6234898018587334,-0.7818314824680299,26.0,5,0.25881904510252074,0.9659258262890683,0,5,-0.8660254037844387,0.49999999999999994,3.9,67.0,33.2,16.0,0.0,79,99.91666666666667,1.501207243650477,5.5,996.9,29.1,98,98.0,98.0,104.0,99.0,99.0,82.0,238,-0.529919264233205,-0.848048096156426,14.4
2024-09-03 00:00:00,0.0,3.0,419.0,95,1,0.6234898018587336,0.7818314824680298,46.0,0,1.0,0.0,1,8,-0.5000000000000004,-0.8660254037844384,36.1,4.0,38.3,14.9,0.0,94,62.0,1.1795356492418612,7.3,1003.9,26.0,62,62.0,62.0,59.0,63.0,55.0,59.0,241,-0.48480962024633684,-0.874619707139396,7.4
2025-06-01 06:00:00,0.0,-5.0,244.0,0,6,0.6234898018587334,-0.7818314824680299,28.0,6,6.123233995736766e-17,1.0,0,5,-0.8660254037844387,0.49999999999999994,5.9,66.0,32.4,16.0,0.0,89,99.70833333333333,1.3981094896004043,6.3,998.2,28.7,98,98.0,98.0,103.0,98.0,100.0,82.0,234,-0.5877852522924732,-0.8090169943749473,13.4
2026-08-20 08:00:00,0.0,-3.0,276.0,95,3,-0.900968867902419,0.43388373911755823,33.0,8,-0.4999999999999998,0.8660254037844387,1,7,-0.8660254037844388,-0.4999999999999997,8.9,39.0,37.6,15.7,0.0,75,62.166666666666664,0.9630868247029907,5.2,1004.2,28.0,61,61.0,61.0,64.0,61.0,71.0,70.0,256,-0.24192189559966779,-0.9702957262759965,17.1
2026-03-20 21:00:00,-1.0,16.0,688.0,12,4,-0.9009688679024191,-0.433883739117558,39.0,21,0.7071067811865474,-0.7071067811865477,1,2,0.5000000000000001,0.8660254037844386,34.6,45.0,47.8,23.2,0.0,80,95.20833333333333,5.021511695710047,12.7,1011.1,23.5,96,97.0,98.0,80.0,98.0,79.0,66.0,246,-0.4067366430758001,-0.913545457642601,8.7
2025-12-20 07:00:00,1.0,20.0,2140.0,91,5,-0.2225209339563146,-0.9749279121818236,3.0,7,-0.25881904510252063,0.9659258262890683,0,11,0.8660254037844384,-0.5000000000000004,62.2,7.0,63.1,61.0,0.0,51,137.08333333333334,6.261800454141689,19.8,1013.3,19.1,151,150.0,149.0,131.0,147.0,113.0,142.0,36,0.8090169943749475,0.5877852522924731,2.4
2026-01-20 02:00:00,-1.0,15.0,1180.0,0,1,0.6234898018587336,0.7818314824680298,46.0,2,0.8660254037844387,0.49999999999999994,1,0,1.0,0.0,28.4,43.0,57.6,31.0,0.0,64,107.95833333333333,4.813740899680937,10.4,1014.4,18.2,113,114.0,115.0,98.0,115.0,88.0,107.0,343,0.9563047559630357,-0.29237170472273627,3.0
2026-05-20 08:00:00,0.0,-2.0,282.0,4,2,-0.22252093395631434,0.9749279121818236,53.0,8,-0.4999999999999998,0.8660254037844387,1,4,-0.4999999999999998,0.8660254037844387,8.5,72.0,56.2,22.5,0.0,75,71.29166666666667,0.9078961187016981,5.5,1004.1,29.5,71,71.0,71.0,73.0,71.0,77.0,74.0,249,-0.3583679495453007,-0.9335804264972016,15.4
2025-04-01 04:00:00,0.0,0.0,201.0,0,1,0.6234898018587336,0.7818314824680298,52.0,4,0.5000000000000001,0.8660254037844386,1,3,6.123233995736766e-17,1.0,12.0,67.0,45.5,15.6,0.0,84,76.29166666666667,17.5907069503902,8.3,1007.8,22.3,69,69.0,69.0,69.0,69.0,80.0,94.0,312,0.6691306063588578,-0.7431448254773946,8.3
2026-05-20 19:00:00,1.0,3.0,292.0,0,2,-0.22252093395631434,0.9749279121818236,70.0,19,0.2588190451025203,-0.9659258262890684,1,4,-0.4999999999999998,0.8660254037844387,15.6,67.0,74.5,30.5,0.0,78,71.20833333333333,1.0206207261767062,6.0,1001.8,29.4,74,73.0,73.0,71.0,72.0,77.0,76.0,250,-0.3420201433256694,-0.9396926207859082,12.5
2026-07-20 20:00:00,1.0,1.0,240.0,96,0,1.0,0.0,63.0,20,0.5000000000000001,-0.8660254037844386,1,6,-1.0,1.2246467991473532e-16,14.6,42.0,67.5,27.7,0.2,81,70.58333333333333,0.5036101552225553,6.5,999.7,28.5,71,70.0,70.0,70.0,70.0,64.0,71.0,219,-0.7771459614569708,-0.6293203910498376,13.6
2025-06-01 19:00:00,0.0,-2.0,405.0,0,6,0.6234898018587334,-0.7818314824680299,187.0,19,0.2588190451025203,-0.9659258262890684,0,5,-0.8660254037844387,0.49999999999999994,20.6,63.0,118.5,32.5,0.0,66,98.25,1.1131623577753156,9.0,995.7,31.6,99,99.0,98.0,101.0,97.0,111.0,110.0,239,-0.5150380749100545,-0.8571673007021121,14.0
2026-07-20 15:00:00,0.0,1.0,222.0,63,0,1.0,0.0,45.0,15,-0.7071067811865479,-0.7071067811865471,1,6,-1.0,1.2246467991473532e-16,6.2,62.0,47.5,21.1,0.1,70,70.5,0.5897678246513929,5.6,999.0,30.7,70,70.0,70.0,69.0,70.0,65.0,71.0,220,-0.766044443118978,-0.6427876096865393,15.2
2025-06-01 00:00:00,0.0,-8.0,242.0,1,6,0.6234898018587334,-0.7818314824680299,50.0,0,1.0,0.0,0,5,-0.8660254037844387,0.49999999999999994,7.2,69.0,49.6,19.4,0.0,81,101.33333333333333,2.4077170617114096,6.3,998.2,29.4,99,99.0,100.0,107.0,100.0,97.0,84.0,216,-0.8090169943749476,-0.587785252292473,14.8
2025-10-20 05:00:00,0.0,-8.0,268.0,0,0,1.0,0.0,8.0,5,0.25881904510252074,0.9659258262890683,1,9,-1.8369701987210297e-16,-1.0,12.8,72.0,23.3,18.4,0.0,64,95.45833333333333,16.91148096429786,11.5,1008.2,24.6,83,83.0,83.0,91.0,84.0,92.0,93.0,347,0.9743700647852351,-0.22495105434386534,9.4
2024-11-01 02:00:00,0.0,-1.0,273.0,23,4,-0.9009688679024191,-0.433883739117558,81.0,2,0.8660254037844387,0.49999999999999994,1,10,0.5000000000000001,-0.8660254037844386,37.4,25.0,78.5,35.4,0.0,98,104.625,1.438976085237283,6.4,1011.8,24.7,106,106.0,106.0,107.0,106.0,116.0,91.0,303,0.5446390350150266,-0.8386705679454243,8.2
2025-06-01 07:00:00,0.0,-4.0,332.0,0,6,0.6234898018587334,-0.7818314824680299,37.0,7,-0.25881904510252063,0.9659258262890683,0,5,-0.8660254037844387,0.49999999999999994,8.6,66.0,36.8,17.6,0.0,88,99.54166666666667,1.3506573815376892,7.5,998.6,29.1,98,98.0,98.0,102.0,98.0,101.0,82.0,233,-0.6018150231520483,-0.7986355100472928,13.4
2025-04-01 02:00:00,0.0,-2.0,276.0,0,1,0.6234898018587336,0.7818314824680298,33.0,2,0.8660254037844387,0.49999999999999994,1,3,6.123233995736766e-17,1.0,17.7,67.0,35.4,15.8,0.0,83,76.33333333333333,17.573860694513264,8.7,1008.6,23.3,69,69.0,69.0,71.0,69.0,83.0,90.0,331,0.8746197071393959,-0.4848096202463369,7.4
2025-02-01 05:00:00,1.0,3.0,280.0,0,5,-0.2225209339563146,-0.9749279121818236,167.0,5,0.25881904510252074,0.9659258262890683,0,1,0.8660254037844387,0.49999999999999994,29.4,23.0,143.0,49.1,0.0,56,101.58333333333333,3.1335029247945125,10.8,1010.5,13.7,103,102.0,100.0,100.0,99.0,78.0,83.0,326,0.8290375725550414,-0.5591929034707473,7.8
2024-11-01 19:00:00,-1.0,-15.0,589.0,0,4,-0.9009688679024191,-0.433883739117558,55.0,19,0.2588190451025203,-0.9659258262890684,1,10,0.5000000000000001,-0.8660254037844386,29.8,55.0,55.6,26.7,0.0,72,102.375,4.547455093352843,6.0,1012.0,28.6,93,94.0,95.0,108.0,96.0,117.0,109.0,259,-0.19080899537654547,-0.9816271834476639,14.5
2025-10-20 02:00:00,0.0,-9.0,331.0,0,0,1.0,0.0,8.0,2,0.8660254037844387,0.49999999999999994,1,9,-1.8369701987210297e-16,-1.0,26.0,57.0,28.6,24.0,0.0,73,96.5,16.336142911268922,13.0,1008.4,24.8,84,84.0,85.0,93.0,86.0,94.0,90.0,335,0.9063077870366497,-0.4226182617407,8.9
2026-05-20 11:00:00,0.0,-1.0,212.0,1,2,-0.22252093395631434,0.9749279121818236,79.0,11,-0.9659258262890682,0.258819045102521,1,4,-0.4999999999999998,0.8660254037844387,4.3,113.0,73.3,26.7,0.0,63,71.08333333333333,0.7172815023810752,6.0,1004.5,32.6,71,71.0,71.0,72.0,71.0,77.0,76.0,246,-0.4067366430758001,-0.913545457642601,17.0
2025-06-01 17:00:00,1.0,-4.0,320.0,13,6,0.6234898018587334,-0.7818314824680299,302.0,17,-0.25881904510252063,-0.9659258262890683,0,5,-0.8660254037844387,0.49999999999999994,10.5,89.0,208.6,52.4,0.0,49,98.41666666666667,1.3486439781110455,9.3,995.4,33.9,98,97.0,97.0,102.0,97.0,112.0,110.0,255,-0.25881904510252063,-0.9659258262890683,18.9
2026-07-20 04:00:00,0.0,6.0,117.0,50,0,1.0,0.0,34.0,4,0.5000000000000001,0.8660254037844386,1,6,-1.0,1.2246467991473532e-16,5.2,47.0,36.1,15.0,0.0,87,69.04166666666667,1.8761469921810259,4.6,999.6,27.5,71,71.0,71.0,65.0,71.0,68.0,71.0,255,-0.25881904510252063,-0.9659258262890683,8.8
2025-10-20 11:00:00,0.0,-9.0,415.0,0,0,1.0,0.0,24.0,11,-0.9659258262890682,0.258819045102521,1,9,-1.8369701987210297e-16,-1.0,12.2,143.0,34.0,21.4,0.0,18,93.125,18.15707431901134,26.3,1010.1,34.3,80,80.0,80.0,89.0,81.0,92.0,96.0,333,0.8910065241883678,-0.45399049973954697,9.1
2026-08-20 02:00:00,0.0,-5.0,117.0,46,3,-0.900968867902419,0.43388373911755823,11.0,2,0.8660254037844387,0.49999999999999994,1,7,-0.8660254037844388,-0.4999999999999997,6.0,38.0,21.5,11.6,0.0,83,63.0,1.0632190661576737,3.9,1003.9,26.9,61,61.0,61.0,66.0,62.0,71.0,70.0,264,-0.10452846326765336,-0.9945218953682734,16.3
2024-09-03 04:00:00,0.0,1.0,265.0,58,1,0.6234898018587336,0.7818314824680298,48.0,4,0.5000000000000001,0.8660254037844386,1,8,-0.5000000000000004,-0.8660254037844384,26.0,13.0,37.8,13.1,0.0,96,62.291666666666664,0.8586727202991173,7.4,1003.0,25.5,62,62.0,62.0,61.0,62.0,55.0,59.0,301,0.5150380749100542,-0.8571673007021123,8.4
2026-03-20 17:00:00,-1.0,21.0,418.0,12,4,-0.9009688679024191,-0.433883739117558,87.0,17,-0.25881904510252063,-0.9659258262890683,1,2,0.5000000000000001,0.8660254037844386,9.1,116.0,72.9,24.9,0.0,61,92.04166666666667,8.013462404613716,20.4,1009.1,26.0,98,99.0,100.0,77.0,100.0,79.0,68.0,207,-0.8910065241883681,-0.45399049973954625,8.5
2026-08-20 10:00:00,0.0,-2.0,225.0,100,3,-0.900968867902419,0.43388373911755823,41.0,10,-0.8660254037844387,0.49999999999999994,1,7,-0.8660254037844388,-0.4999999999999997,6.4,50.0,47.1,18.8,0.1,70,62.0,0.9780192938602242,5.0,1004.7,29.3,61,61.0,61.0,63.0,61.0,71.0,70.0,251,-0.32556815445715664,-0.9455185755993168,17.1
2025-04-01 13:00:00,1.0,7.0,329.0,0,1,0.6234898018587336,0.7818314824680298,126.0,13,-0.9659258262890683,-0.2588190451025208,1,3,6.123233995736766e-17,1.0,8.8,181.0,103.8,34.7,0.0,23,77.875,16.75478516982441,31.7,1008.7,34.6,73,72.0,71.0,66.0,71.0,77.0,98.0,224,-0.7193398003386511,-0.6946583704589974,8.8
2024-09-03 01:00:00,0.0,2.0,380.0,98,1,0.6234898018587336,0.7818314824680298,47.0,1,0.9659258262890683,0.25881904510252074,1,8,-0.5000000000000004,-0.8660254037844384,34.9,6.0,38.8,14.7,0.0,94,62.083333333333336,1.1000658741832319,7.1,1003.2,25.9,62,62.0,62.0,60.0,62.0,55.0,59.0,268,-0.03489949670250165,-0.9993908270190957,8.6
2026-01-20 12:00:00,-1.0,-6.0,614.0,0,1,0.6234898018587336,0.7818314824680298,78.0,12,-1.0,1.2246467991473532e-16,1,0,1.0,0.0,8.9,110.0,76.4,31.9,0.0,44,108.875,4.504225069670187,29.6,1016.3,23.5,100,101.0,102.0,106.0,103.0,94.0,84.0,204,-0.9135454576426011,-0.4067366430757998,5.3
2025-02-01 11:00:00,0.0,-1.0,1058.0,0,5,-0.2225209339563146,-0.9749279121818236,65.0,11,-0.9659258262890682,0.258819045102521,0,1,0.8660254037844387,0.49999999999999994,17.2,108.0,68.7,32.2,0.0,24,101.91666666666667,3.282584700937004,19.7,1015.2,21.1,105,105.0,105.0,106.0,105.0,81.0,79.0,83,0.12186934340514749,0.992546151641322,5.6
2025-02-01 04:00:00,2.0,3.0,289.0,0,5,-0.2225209339563146,-0.9749279121818236,209.0,4,0.5000000000000001,0.8660254037844386,0,1,0.8660254037844387,0.49999999999999994,29.7,30.0,177.0,53.1,0.0,55,101.45833333333333,3.1343700104334613,10.6,1010.3,14.8,102,100.0,99.0,99.0,98.0,77.0,84.0,312,0.6691306063588578,-0.7431448254773946,7.3
2025-06-01 22:00:00,0.0,1.0,418.0,51,6,0.6234898018587334,-0.7818314824680299,86.0,22,0.8660254037844384,-0.5000000000000004,0,5,-0.8660254037844387,0.49999999999999994,19.2,51.0,79.9,25.9,0.0,79,98.29166666666667,1.1970676733075625,9.2,997.5,29.9,101,101.0,100.0,100.0,99.0,108.0,97.0,126,-0.587785252292473,0.8090169943749475,11.8
2025-10-20 13:00:00,0.0,-10.0,298.0,0,0,1.0,0.0,18.0,13,-0.9659258262890683,-0.2588190451025208,1,9,-1.8369701987210297e-16,-1.0,5.1,171.0,28.8,20.0,0.0,14,92.29166666666667,18.569444670273096,22.7,1008.6,35.7,79,79.0,80.0,89.0,80.0,92.0,96.0,278,0.13917310096006547,-0.9902680687415704,6.2
